Abaddon,.5000,.6711,.5832,.6122,.6250,.6197,.6678,.6014,.5481,.6286,.5799,.5952,.6218,.5577,.5717,.6449,.6396,.5854,.5356,.5581,.5434,.6075,.5743,.6266,.5886,.5780,.6675,.5483,.5751,.6488,.6282,.5798,.6057,.5853,.6097,.6308,.6699,.5558,.6104,.5737,.6082,.6183,.5413,.5414,.6297,.5975,.5983,.6644,.5781,.5797,.6316,.5608,.6224,.5832,.6606,.6145,.6362,.5169,.5807,.6202,.5765,.4768,.6570,.6159,.5901,.5533,.5977,.6705,.6056,.6018,.6257,.5877,.5475,.6331,.5861,.6475,.5826,.5771,.5549,.6463,.5560,.5656,.6061,.5327,.5539,.6117,.5689,.5700,.6104,.6311,.5764,.6219,.6403,.5910,.5667,.5946,.5986,.4704,.5069,.5654,.5735,.5708,.6249,.5200,.5881,.5947,.5944,.5561,.5376,.5235
Alchemist,.3289,.5000,.4005,.4573,.4262,.4409,.4963,.4035,.3666,.4090,.4166,.4085,.4612,.3773,.3707,.4660,.4315,.4106,.3375,.4082,.3615,.4291,.3844,.4531,.3958,.3790,.4971,.3821,.4231,.4878,.4587,.3956,.4175,.3895,.4197,.4610,.4911,.3839,.3975,.4067,.4499,.4110,.3688,.3613,.4093,.4213,.4096,.4939,.3714,.4071,.4551,.3893,.4471,.3848,.4801,.4581,.4714,.3478,.3823,.4306,.3738,.2966,.5040,.4648,.3918,.3887,.4221,.4916,.3963,.4335,.4346,.4071,.3456,.4534,.4204,.4798,.3901,.3784,.3586,.4431,.3456,.3704,.4228,.3623,.3602,.4188,.3744,.3884,.4186,.4425,.3932,.4503,.4795,.4165,.3923,.3869,.4070,.3267,.3066,.3593,.3922,.3782,.4537,.3597,.4116,.4081,.4175,.3617,.3462,.3547
Anceint_Apparition,.4168,.5995,.5000,.5030,.5386,.5265,.5741,.4914,.4496,.5108,.4819,.5248,.5401,.4565,.4563,.5605,.5112,.4840,.4426,.4846,.4919,.5109,.4847,.5304,.4941,.4686,.5596,.4593,.4941,.5484,.5446,.4758,.4980,.4837,.5209,.5411,.5875,.4778,.4790,.4927,.5240,.5134,.4624,.4626,.5137,.5100,.5049,.5698,.4731,.4735,.5326,.4593,.5472,.4724,.5712,.5245,.5399,.4507,.4789,.5229,.4722,.4104,.5739,.5454,.4911,.4500,.4815,.5694,.4812,.5124,.5180,.4977,.4370,.5404,.5048,.5630,.4803,.4670,.4414,.5328,.4573,.4772,.5107,.4052,.4363,.4873,.4640,.4688,.5039,.5323,.4860,.5399,.5458,.5024,.4837,.4999,.4910,.4268,.4053,.4585,.4742,.4810,.5262,.4481,.4915,.4937,.5176,.4629,.4297,.4147
Anti-Mage,.3884,.5425,.4967,.5000,.4664,.4873,.5510,.4427,.3734,.4784,.4719,.4660,.5111,.4192,.4240,.5167,.4729,.4862,.3837,.4620,.4154,.4683,.4350,.4937,.4409,.4123,.5428,.4176,.4654,.5201,.5079,.4454,.4594,.4562,.4430,.5027,.5374,.4374,.4589,.4631,.4816,.4358,.4342,.4287,.4779,.4740,.4578,.5312,.4211,.4442,.5052,.4633,.4651,.4496,.5451,.5111,.5422,.4039,.4176,.4892,.4337,.3430,.5617,.4865,.4108,.4481,.4738,.5421,.4485,.4985,.4865,.4683,.3779,.5087,.4708,.5220,.4446,.4147,.4142,.5061,.3757,.4687,.4785,.4019,.3927,.4990,.4079,.4366,.4515,.4886,.4461,.4922,.5429,.4429,.4392,.4198,.4613,.3935,.3531,.4084,.4470,.4452,.5062,.4075,.4636,.4573,.4800,.4118,.4305,.4186
Axe,.3752,.5739,.4613,.5336,.5000,.5254,.5601,.5037,.4403,.5055,.4874,.4858,.5800,.4373,.4680,.5460,.5423,.4449,.4132,.4488,.4548,.4867,.4371,.5052,.4608,.4782,.5339,.4279,.4657,.5315,.5369,.4523,.5059,.4351,.5037,.5179,.5671,.4289,.4872,.4685,.4881,.4968,.4109,.4162,.4943,.4881,.4875,.5668,.4420,.5121,.5078,.4363,.5339,.4630,.5457,.5387,.5523,.3830,.4745,.5166,.4455,.3630,.5937,.5216,.4926,.4800,.4451,.5496,.4646,.4771,.4927,.4777,.4582,.5350,.4827,.5436,.4502,.4546,.4048,.5121,.4350,.4571,.4978,.3864,.4319,.4877,.4393,.4509,.5168,.5507,.4531,.4836,.5402,.4759,.4626,.4947,.4898,.3669,.3959,.4435,.4229,.4557,.5480,.4049,.4993,.4902,.4873,.4220,.4086,.3837
Bane,.3803,.5591,.4735,.5122,.4746,.5000,.5415,.4528,.4102,.4807,.4668,.4661,.5102,.4201,.4117,.5203,.5150,.4513,.3973,.4497,.4334,.4653,.4447,.4846,.4557,.4410,.5382,.4068,.4657,.5152,.5176,.4393,.4809,.4343,.4644,.5059,.5562,.4424,.4617,.4616,.4744,.4701,.4174,.4231,.4783,.4733,.4667,.5328,.4336,.4624,.4985,.4428,.4739,.4450,.5217,.4864,.5177,.3880,.4443,.4925,.4206,.3687,.5529,.5148,.4624,.4058,.4591,.5215,.4415,.4804,.4849,.4540,.4147,.5021,.4541,.5289,.4454,.4288,.4050,.5069,.4122,.4377,.4731,.3881,.4078,.4772,.4240,.4452,.4818,.5057,.4286,.5004,.5329,.4654,.4497,.4667,.4555,.3664,.3804,.4197,.4449,.4413,.5139,.3999,.4718,.4690,.4764,.4143,.3970,.3879
Batrider,.3322,.5037,.4259,.4494,.4401,.4585,.5000,.4160,.3681,.4377,.4256,.4198,.4828,.3785,.3977,.4830,.4596,.4168,.3608,.4199,.3868,.4291,.3949,.4420,.4101,.3904,.5031,.3749,.4456,.4616,.4666,.4011,.4202,.3904,.4019,.4628,.5018,.3941,.4044,.4166,.4504,.4228,.3738,.3793,.4285,.4289,.4215,.4963,.3926,.4191,.4602,.3957,.4626,.3995,.4715,.4557,.4774,.3413,.4032,.4525,.3778,.3205,.5039,.4739,.4156,.3894,.4062,.4864,.4112,.4383,.4304,.4144,.3790,.4631,.4293,.4871,.3941,.3940,.3659,.4628,.3787,.3896,.4205,.3399,.3719,.4179,.3895,.3954,.4649,.4555,.3924,.4531,.4833,.4292,.4150,.4173,.4209,.3222,.3408,.3771,.3896,.3801,.4787,.3751,.4075,.4133,.4364,.3738,.3603,.3452
Beastmaster,.3986,.5965,.5086,.5569,.4961,.5472,.5840,.5000,.4518,.5281,.4944,.4874,.5555,.4519,.4640,.5636,.5454,.4924,.4333,.4714,.4666,.5060,.4739,.5382,.4790,.4749,.5737,.4498,.4917,.5602,.5428,.4767,.5134,.4668,.5183,.5502,.5787,.4537,.5085,.4872,.5144,.5118,.4449,.4396,.5310,.5138,.5161,.5763,.4688,.5044,.5361,.4626,.5281,.4914,.5676,.5320,.5570,.4278,.4882,.5415,.4747,.3895,.6108,.5610,.4914,.4601,.4964,.5737,.4951,.5126,.5255,.4982,.4481,.5471,.4903,.5716,.4805,.4708,.4623,.5518,.4535,.4838,.5006,.4259,.4565,.5175,.4643,.4855,.5330,.5342,.4643,.5224,.5651,.5009,.4791,.4981,.5109,.3960,.4090,.4560,.4680,.4782,.5502,.4371,.5004,.5044,.4933,.4531,.4441,.4257
Bloodseeker,.4519,.6334,.5504,.6264,.5597,.5898,.6319,.5482,.5000,.5722,.5338,.5660,.5934,.5131,.5032,.6061,.6013,.5241,.4744,.5408,.5091,.5816,.5329,.5965,.5262,.5398,.6227,.5038,.5368,.6096,.5902,.5278,.5485,.5374,.5528,.6133,.6312,.5203,.5407,.5463,.5781,.5427,.4997,.5018,.5491,.5632,.5478,.6212,.5149,.5591,.5947,.5075,.5886,.5433,.6158,.5907,.6001,.4635,.5409,.5770,.5127,.4453,.6426,.6078,.5344,.5260,.5591,.6171,.5324,.5672,.5823,.5605,.5174,.6027,.5627,.6198,.5261,.5085,.5108,.5919,.4893,.5469,.5603,.4836,.5032,.5425,.5106,.4985,.5728,.5810,.5400,.5957,.5918,.5394,.5333,.5289,.5440,.4810,.4526,.5026,.5148,.5302,.5802,.4922,.5811,.5565,.5464,.5059,.4520,.4622
Bounty_Hunter,.3714,.5910,.4892,.5210,.4943,.5193,.5623,.4719,.4278,.5000,.4829,.4910,.5661,.4327,.4287,.5430,.5495,.4641,.4019,.4615,.4441,.5127,.4607,.5285,.4746,.4778,.5436,.4274,.4755,.5402,.5303,.4567,.4832,.4752,.4688,.5417,.5687,.4552,.4867,.4872,.5172,.4772,.4426,.4471,.4964,.4992,.4860,.5742,.4544,.4890,.5164,.4574,.4961,.4759,.5486,.5035,.5523,.4001,.4704,.5112,.4432,.3663,.5763,.5400,.4713,.4284,.4700,.5435,.4616,.4955,.4998,.4849,.4616,.5259,.4893,.5563,.4778,.4421,.4438,.5255,.4091,.4547,.5022,.4067,.4312,.4834,.4558,.4427,.5216,.5193,.4521,.5306,.5331,.4743,.4633,.4761,.4796,.4139,.3904,.4403,.4456,.4660,.5280,.4444,.5069,.4923,.4829,.4529,.4130,.4096
Brewmaster,.4201,.5834,.5181,.5279,.5127,.5332,.5744,.5056,.4662,.5171,.5000,.4948,.5572,.4547,.4782,.5775,.5421,.4844,.4350,.4707,.4646,.5002,.4710,.5307,.4929,.4846,.5926,.4532,.5036,.5715,.5501,.4793,.5221,.4784,.5265,.5487,.5912,.4699,.5006,.5036,.5361,.5069,.4486,.4574,.5209,.5067,.5024,.6009,.4725,.5056,.5397,.4818,.5476,.4807,.5629,.5358,.5518,.4168,.4790,.5288,.4678,.3869,.5901,.5519,.5033,.4654,.4884,.5729,.4927,.5141,.5130,.4969,.4519,.5474,.4935,.5794,.4818,.4671,.4373,.5300,.4561,.4777,.5135,.4385,.4580,.5079,.4711,.4625,.5416,.5431,.4692,.5197,.5604,.5122,.4826,.5040,.5020,.3937,.4243,.4648,.4840,.4950,.5412,.4460,.4961,.5004,.5111,.4657,.4527,.4240
Bristleback,.4048,.5915,.4752,.5342,.5144,.5339,.5802,.5126,.4340,.5090,.5052,.5000,.5822,.4599,.4777,.5646,.5401,.4657,.4263,.4750,.4380,.4939,.4634,.5278,.4655,.4675,.5556,.4497,.4848,.5485,.5559,.4735,.5147,.4529,.5147,.5380,.5923,.4593,.4987,.4604,.5202,.4918,.4315,.4408,.5184,.4983,.5022,.5897,.4666,.5118,.5326,.4592,.5476,.4678,.5650,.5311,.5519,.3751,.4884,.5189,.4638,.3732,.6025,.5312,.5078,.4726,.4744,.5726,.4976,.4977,.5030,.4811,.4780,.5544,.5051,.5602,.4636,.4764,.4360,.5404,.4292,.4657,.5033,.4103,.4433,.4907,.4549,.4586,.5163,.5406,.4889,.5157,.5521,.5175,.4728,.5044,.5015,.3806,.4137,.4568,.4483,.4601,.5440,.4439,.5090,.4928,.4954,.4464,.4351,.4164
Broodmother,.3782,.5388,.4599,.4886,.4198,.4898,.5172,.4445,.4066,.4339,.4428,.4178,.5000,.3960,.4315,.5309,.5107,.4443,.3643,.4019,.4084,.4679,.4280,.4814,.4417,.4583,.5377,.3634,.4563,.4959,.4946,.4324,.4745,.4219,.4826,.4990,.5302,.4118,.4640,.4328,.4665,.4197,.3877,.4289,.4787,.4395,.4526,.5375,.4439,.4621,.4792,.4585,.4557,.4419,.5168,.4598,.5165,.3654,.4447,.4815,.4131,.3453,.5411,.5098,.4445,.4215,.4463,.5128,.4506,.4706,.4537,.4522,.4279,.4939,.4218,.5144,.4142,.4291,.4234,.4940,.3640,.4137,.4667,.3915,.3963,.4373,.4108,.4202,.4792,.5012,.4075,.4602,.5027,.4332,.4389,.4425,.4459,.3728,.3848,.4081,.4346,.4407,.5069,.4149,.4634,.4431,.4511,.4295,.4113,.3736
Centaur,.4423,.6227,.5435,.5807,.5629,.5799,.6215,.5481,.4869,.5673,.5453,.5401,.6040,.5000,.5258,.5955,.5847,.5144,.4785,.5167,.4939,.5485,.5043,.5732,.5197,.5285,.6033,.4925,.5369,.5869,.5907,.5027,.5587,.5143,.5319,.5843,.6231,.5009,.5274,.5331,.5560,.5587,.4886,.4976,.5473,.5584,.5588,.6187,.5070,.5385,.5801,.5105,.5881,.5231,.6108,.5849,.6018,.4407,.5374,.5753,.5138,.4217,.6296,.5845,.5566,.5365,.5223,.6106,.5292,.5527,.5622,.5391,.5045,.5843,.5535,.6086,.5098,.5147,.4711,.5914,.4919,.5281,.5667,.4584,.4900,.5589,.4999,.5212,.5517,.5975,.5133,.5623,.6034,.5477,.5094,.5521,.5557,.4160,.4583,.5075,.5073,.5097,.5770,.4653,.5504,.5562,.5421,.4771,.4682,.4568
Chaos_Knight,.4283,.6293,.5437,.5760,.5318,.5883,.6023,.5360,.4968,.5713,.5218,.5223,.5685,.4742,.5000,.6077,.5872,.5258,.4527,.4941,.4934,.5430,.4999,.5922,.5131,.5350,.6176,.4546,.5046,.5564,.5848,.4844,.5584,.4961,.5790,.5737,.6220,.4741,.5512,.5251,.5217,.5415,.4662,.4682,.5672,.5529,.5420,.6146,.5131,.5336,.5512,.4597,.5474,.5198,.6032,.5517,.6008,.4626,.5245,.5677,.5169,.3980,.6247,.5703,.5285,.4804,.4987,.5983,.5420,.5453,.5552,.5333,.4891,.5930,.4952,.6214,.5009,.5033,.4716,.5987,.4926,.5218,.5564,.4501,.5082,.5512,.4591,.5108,.5681,.5802,.4841,.5399,.6014,.5168,.5104,.5256,.5513,.4173,.4604,.5071,.5061,.5395,.5820,.4476,.5320,.5445,.5232,.4819,.4837,.4625
Chen,.3551,.5340,.4395,.4837,.4540,.4797,.5170,.4364,.3939,.4570,.4225,.4354,.4691,.4045,.3923,.5000,.4725,.4521,.3676,.4284,.4160,.4473,.4204,.4755,.4234,.4098,.5288,.3963,.4456,.5063,.4771,.4214,.4478,.4156,.4396,.5032,.5243,.4058,.4556,.4336,.4585,.4461,.3963,.3973,.4453,.4494,.4536,.5191,.4163,.4306,.4863,.4184,.4784,.4401,.5089,.4705,.5059,.3788,.4135,.4675,.4123,.3433,.5479,.5002,.4268,.3898,.4479,.5195,.4383,.4582,.4707,.4373,.3851,.4920,.4336,.5088,.4324,.4129,.4131,.4830,.3771,.4112,.4561,.4068,.3924,.4665,.3967,.4376,.4558,.4744,.4187,.4690,.5024,.4401,.4277,.4314,.4412,.3493,.3405,.4069,.4163,.4263,.4956,.3842,.4413,.4460,.4514,.4085,.3809,.3876
Clinkz,.3604,.5685,.4888,.5270,.4579,.4850,.5404,.4546,.3987,.4505,.4579,.4599,.4893,.4153,.4128,.5275,.5000,.4546,.3844,.4565,.4237,.4774,.4559,.4992,.4466,.4346,.5487,.4303,.4729,.5553,.4974,.4536,.4738,.4524,.4697,.5160,.5582,.4417,.4740,.4622,.4935,.4517,.4382,.4171,.4867,.4805,.4625,.5393,.4257,.4555,.5099,.4449,.4966,.4395,.5263,.4905,.5197,.3945,.4238,.4929,.4185,.3615,.5526,.5122,.4345,.4084,.4811,.5309,.4395,.4779,.4981,.4592,.3950,.5215,.4593,.5346,.4508,.4305,.4174,.5027,.3904,.4333,.4754,.4008,.4003,.4859,.4316,.4320,.4799,.4866,.4443,.5114,.5162,.4630,.4385,.4447,.4645,.4025,.3597,.4105,.4430,.4388,.5120,.4210,.4750,.4641,.4717,.4317,.3807,.3852
Clockwerk,.4146,.5894,.5160,.5133,.5551,.5487,.5832,.5076,.4759,.5359,.5156,.5343,.5557,.4856,.4742,.5479,.5454,.5000,.4672,.4894,.4659,.5344,.4899,.5455,.5016,.5015,.5529,.4961,.5049,.5584,.5591,.4947,.5225,.4958,.4755,.5571,.5847,.4881,.4915,.5096,.5333,.5272,.4761,.4714,.5017,.5422,.5245,.5835,.4907,.4936,.5570,.4845,.5404,.4885,.5748,.5548,.5734,.4251,.5080,.5437,.4896,.3946,.6006,.5552,.5108,.4728,.4806,.5927,.5065,.5199,.5287,.5204,.4545,.5602,.5214,.5694,.4934,.4742,.4596,.5494,.4759,.5016,.5475,.4112,.4764,.5020,.4893,.4719,.5102,.5351,.5050,.5380,.5822,.5208,.4805,.5088,.5153,.4023,.4059,.4768,.4825,.4794,.5280,.4408,.5234,.5301,.5166,.4648,.4410,.4360
Crystal_Maiden,.4644,.6625,.5574,.6161,.5869,.6027,.6392,.5667,.5256,.5981,.5650,.5737,.6357,.5215,.5473,.6324,.6156,.5328,.5000,.5405,.5286,.5722,.5246,.6037,.5573,.5531,.6176,.5122,.5384,.6205,.6321,.5268,.5802,.5340,.5631,.6073,.6499,.5236,.5554,.5681,.5813,.5837,.5065,.5179,.5751,.5728,.5674,.6599,.5381,.5723,.5870,.5284,.6054,.5374,.6362,.6117,.6253,.4945,.5576,.5827,.5339,.4588,.6585,.6195,.5828,.5596,.5336,.6278,.5456,.5615,.5860,.5747,.5342,.5945,.5635,.6312,.5444,.5255,.4989,.5942,.5216,.5513,.5782,.4884,.5207,.5642,.5311,.5340,.6049,.6222,.5333,.6020,.6187,.5743,.5428,.5866,.5646,.4476,.4899,.5262,.5365,.5570,.5887,.4974,.5736,.5652,.5608,.5063,.5031,.4667
Dark_Seer,.4419,.5918,.5154,.5380,.5509,.5503,.5801,.5286,.4592,.5385,.5293,.5250,.5981,.4833,.5059,.5716,.5435,.5106,.4595,.5000,.4932,.5166,.4845,.5516,.5126,.4910,.5843,.4703,.5195,.5560,.5551,.4891,.5305,.4932,.4942,.5632,.6018,.4883,.5187,.4965,.5365,.5255,.4553,.4723,.5369,.5236,.5381,.5918,.4938,.5239,.5538,.5029,.5702,.5069,.5891,.5635,.5620,.4405,.5077,.5442,.4963,.4390,.5983,.5575,.5258,.5305,.5024,.5957,.5018,.5229,.5346,.5222,.4743,.5675,.5323,.5910,.5108,.4897,.4639,.5550,.4757,.5107,.5166,.4557,.4831,.5291,.4759,.4694,.5805,.5688,.5075,.5330,.5649,.5200,.5195,.5118,.5243,.4470,.4324,.4868,.4925,.5116,.5654,.4528,.5242,.5164,.5362,.4715,.4748,.4367
Dazzle,.4566,.6385,.5081,.5850,.5455,.5666,.6132,.5334,.4909,.5559,.5354,.5620,.5916,.5061,.5066,.5840,.5763,.5341,.4714,.5068,.5000,.5479,.5117,.5705,.5223,.5078,.5943,.4917,.5382,.6018,.5825,.5043,.5530,.4929,.5605,.5828,.6228,.5041,.5509,.5283,.5520,.5694,.4769,.4774,.5772,.5426,.5461,.6159,.5015,.5308,.5626,.5042,.5741,.5223,.6069,.5692,.5933,.4817,.5298,.5604,.5158,.4381,.6256,.5728,.5478,.4982,.5238,.6037,.5373,.5325,.5561,.5333,.5000,.5873,.5332,.5962,.5140,.5127,.4774,.5774,.4982,.5312,.5545,.4807,.4994,.5594,.4974,.5145,.5670,.5749,.5154,.5697,.5878,.5482,.5307,.5409,.5412,.4222,.4475,.5004,.5021,.5210,.5723,.4610,.5447,.5409,.5453,.4912,.4947,.4640
Death_Prophet,.3925,.5709,.4891,.5314,.5131,.5347,.5709,.4940,.4184,.4873,.4998,.5061,.5321,.4515,.4570,.5527,.5226,.4656,.4278,.4834,.4521,.5000,.4697,.5311,.4756,.4465,.5785,.4495,.4906,.5540,.5366,.4844,.5078,.4612,.4911,.5343,.5700,.4682,.4871,.4739,.5096,.4877,.4492,.4465,.5068,.5032,.5020,.5636,.4479,.4694,.5339,.4650,.5238,.4595,.5673,.5291,.5306,.4142,.4651,.5238,.4598,.3967,.5825,.5517,.4852,.4655,.4881,.5681,.4763,.4945,.5149,.4846,.4407,.5400,.4891,.5593,.4629,.4737,.4386,.5329,.4427,.4594,.4766,.4069,.4295,.5070,.4576,.4531,.5053,.5365,.4856,.5484,.5390,.4971,.4821,.4901,.4925,.4045,.4076,.4418,.4597,.4559,.5357,.4392,.4970,.4837,.5039,.4470,.4174,.4191
Disruptor,.4257,.6156,.5153,.5646,.5628,.5553,.6051,.5261,.4671,.5393,.5290,.5366,.5720,.4957,.5001,.5796,.5441,.5101,.4754,.5155,.4883,.5303,.5000,.5680,.5100,.4931,.5751,.4920,.5154,.5915,.5654,.5140,.5339,.4994,.5099,.5665,.5933,.4983,.5222,.5153,.5454,.5348,.4716,.4787,.5350,.5407,.5362,.6036,.4963,.5090,.5677,.4972,.5872,.5011,.6012,.5614,.5654,.4647,.5119,.5558,.5054,.4236,.6024,.5875,.5152,.4990,.5131,.6025,.5136,.5210,.5493,.5228,.4733,.5698,.5435,.5812,.4979,.5024,.4723,.5576,.4874,.5189,.5247,.4445,.4739,.5394,.4904,.4964,.5448,.5619,.5105,.5653,.5730,.5345,.5125,.5273,.5255,.4219,.4278,.4888,.4927,.4958,.5561,.4605,.5378,.5254,.5288,.4858,.4570,.4478
Doom,.3734,.5469,.4696,.5060,.4952,.5154,.5580,.4618,.4035,.4715,.4693,.4722,.5186,.4268,.4078,.5245,.5008,.4545,.3963,.4484,.4295,.4689,.4320,.5000,.4486,.4318,.5419,.4201,.4697,.5312,.5108,.4444,.4745,.4450,.4617,.5028,.5486,.4340,.4539,.4621,.4914,.4674,.4143,.4259,.4710,.4760,.4734,.5364,.4259,.4496,.5157,.4170,.4828,.4428,.5331,.4989,.5238,.3869,.4347,.4976,.4277,.3714,.5868,.5233,.4609,.4267,.4685,.5408,.4525,.4796,.4847,.4642,.4063,.5143,.4675,.5404,.4402,.4316,.4045,.5006,.4094,.4418,.4750,.3922,.4101,.4621,.4264,.4477,.4802,.4981,.4494,.5106,.5376,.4652,.4449,.4541,.4669,.3682,.3716,.4212,.4303,.4329,.5103,.3941,.4714,.4655,.4675,.4130,.3752,.3838
Dragon_Knight,.4114,.6042,.5059,.5589,.5393,.5443,.5899,.5210,.4738,.5254,.5071,.5345,.5583,.4803,.4869,.5766,.5534,.4984,.4427,.4874,.4777,.5244,.4900,.5514,.5000,.4736,.5869,.4777,.5046,.5849,.5430,.4750,.5327,.4886,.5047,.5634,.6085,.4690,.5180,.5036,.5299,.5321,.4595,.4618,.5229,.5289,.5253,.5962,.4777,.5107,.5478,.4723,.5451,.4941,.5783,.5544,.5764,.4236,.5063,.5513,.4830,.4023,.5955,.5528,.5105,.4865,.4983,.6026,.4957,.5114,.5369,.5075,.4696,.5664,.5091,.5832,.4920,.4846,.4514,.5534,.4782,.4830,.5069,.4350,.4700,.5417,.4811,.5072,.5535,.5549,.4825,.5432,.5755,.5285,.4850,.5134,.5296,.3948,.4285,.4722,.4803,.4732,.5493,.4481,.5283,.5153,.5127,.4615,.4435,.4414
Drow_Ranger,.4220,.6210,.5314,.5876,.5219,.5590,.6096,.5251,.4602,.5222,.5154,.5325,.5417,.4715,.4650,.5902,.5654,.4985,.4469,.5090,.4922,.5535,.5069,.5682,.5264,.5000,.5998,.4749,.5281,.6016,.5671,.5123,.5261,.4879,.5317,.5693,.6111,.4945,.5348,.5102,.5369,.5220,.4842,.4826,.5437,.5373,.5334,.6009,.4849,.5078,.5637,.5023,.5548,.4900,.5944,.5552,.5762,.4578,.4901,.5480,.4825,.4329,.6191,.5754,.4784,.4614,.5238,.5861,.4953,.5474,.5484,.5435,.4573,.5776,.5221,.5922,.4986,.4989,.4802,.5574,.4628,.4777,.5234,.4346,.4606,.5336,.5043,.5014,.5404,.5669,.5045,.5684,.5628,.5243,.5095,.5105,.5097,.4460,.4361,.4835,.4982,.5128,.5751,.4909,.5359,.5230,.5218,.4920,.4482,.4607
Earth_Spirit,.3325,.5029,.4404,.4571,.4660,.4618,.4969,.4263,.3773,.4564,.4074,.4444,.4623,.3967,.3824,.4712,.4513,.4471,.3824,.4157,.4057,.4215,.4249,.4581,.4131,.4002,.5000,.4243,.4026,.4974,.4636,.4118,.4318,.4374,.3971,.4918,.5049,.3981,.4237,.4223,.4497,.4283,.4046,.3869,.4346,.4701,.4625,.5005,.3920,.3998,.4848,.4028,.4724,.4312,.4925,.4613,.4833,.3629,.3985,.4701,.4072,.3311,.5072,.4782,.4286,.4188,.4371,.5074,.4210,.4364,.4878,.4150,.3730,.4943,.4567,.4916,.4375,.3946,.3986,.4746,.3804,.4331,.4377,.3734,.4121,.4821,.3899,.4029,.4557,.4491,.4125,.4640,.4886,.4295,.4121,.4098,.4328,.3737,.3298,.4038,.3910,.3998,.4621,.3667,.4325,.4610,.4431,.3979,.3583,.3749
Earthshaker,.4517,.6179,.5407,.5825,.5722,.5932,.6251,.5502,.4962,.5726,.5468,.5503,.6366,.5075,.5454,.6037,.5697,.5039,.4878,.5297,.5083,.5505,.5080,.5799,.5223,.5251,.5757,.5000,.5224,.5934,.5955,.5207,.5545,.5213,.5348,.5815,.6208,.5076,.5307,.5327,.5591,.5617,.4903,.4936,.5390,.5630,.5510,.6289,.5152,.5478,.5884,.5066,.6336,.5231,.6143,.6065,.6006,.4634,.5327,.5748,.5179,.4281,.6419,.6028,.5434,.5557,.5135,.6138,.5248,.5457,.5694,.5519,.4976,.5739,.5569,.6153,.5176,.5123,.4783,.5753,.5009,.5366,.5422,.4414,.4961,.5483,.5046,.5003,.5447,.5964,.5150,.5735,.5910,.5442,.5160,.5429,.5452,.4413,.4529,.5097,.5046,.5128,.5710,.4807,.5570,.5472,.5372,.4969,.4654,.4472
Elder_Titan,.4249,.5769,.5059,.5350,.5347,.5343,.5544,.5083,.4632,.5245,.4964,.5152,.5437,.4631,.4954,.5544,.5271,.4951,.4616,.4805,.4618,.5094,.4846,.5303,.4954,.4719,.5974,.4776,.5000,.5650,.5278,.4960,.5138,.4928,.5014,.5600,.5894,.4766,.4998,.4921,.5309,.5109,.4693,.4590,.5078,.5229,.5242,.5795,.4812,.4874,.5496,.4848,.5723,.4891,.5766,.5341,.5416,.4363,.4869,.5367,.4886,.4170,.5675,.5478,.5085,.4998,.5003,.5824,.4930,.5174,.5385,.5034,.4664,.5592,.5270,.5724,.5012,.4811,.4521,.5340,.4662,.5037,.5095,.4359,.4744,.5223,.4728,.4694,.5216,.5435,.5008,.5304,.5564,.5082,.4796,.4977,.5191,.4374,.4155,.4717,.4833,.4831,.5310,.4365,.5149,.5116,.5167,.4734,.4437,.4383
Ember_Spirit,.3512,.5122,.4516,.4793,.4687,.4848,.5384,.4398,.3904,.4598,.4285,.4515,.5041,.4131,.4436,.4937,.4447,.4416,.3795,.4440,.3982,.4460,.4085,.4688,.4151,.3984,.5026,.4066,.4350,.5000,.4776,.4344,.4235,.4273,.4072,.4821,.5300,.4183,.4132,.4328,.4696,.4222,.4030,.3978,.4289,.4658,.4503,.5257,.4075,.4351,.4882,.4079,.5544,.4197,.5103,.5225,.5052,.3807,.4166,.4727,.4185,.3248,.5349,.4894,.4098,.4678,.4349,.5195,.4409,.4553,.4758,.4533,.3598,.5020,.4438,.5166,.4247,.4029,.3807,.4739,.3801,.4121,.4382,.3800,.4038,.4250,.3933,.3878,.4733,.4747,.4212,.4826,.4978,.4475,.4299,.4191,.4398,.3846,.3323,.4037,.4055,.4103,.4954,.3941,.4318,.4476,.4480,.3987,.3590,.3767
Enchantress,.3718,.5413,.4554,.4927,.4627,.4824,.5334,.4572,.4098,.4697,.4499,.4441,.5054,.4093,.4152,.5229,.5026,.4409,.3679,.4449,.4175,.4634,.4346,.4892,.4570,.4329,.5364,.4045,.4722,.5224,.5000,.4374,.4716,.4230,.4657,.5039,.5529,.4323,.4479,.4449,.4773,.4467,.4088,.4096,.4585,.4509,.4558,.5459,.4224,.4735,.4878,.4391,.5022,.4236,.5196,.4814,.5001,.3862,.4254,.4842,.4032,.3641,.5548,.5172,.4192,.3994,.4536,.5182,.4271,.4617,.4676,.4651,.4040,.5043,.4383,.5228,.4281,.4231,.4012,.4866,.4098,.4146,.4711,.3877,.4078,.4671,.4297,.4297,.4794,.4899,.4216,.4875,.5046,.4702,.4324,.4497,.4506,.3562,.3525,.4103,.4276,.4413,.5030,.4119,.4532,.4327,.4766,.4001,.3849,.3705
Enigma,.4202,.6044,.5242,.5543,.5479,.5607,.5989,.5233,.4722,.5433,.5207,.5265,.5676,.4973,.5156,.5786,.5464,.5053,.4732,.5109,.4957,.5156,.4860,.5556,.5250,.4877,.5882,.4793,.5040,.5656,.5626,.5000,.5203,.5018,.5414,.5647,.6069,.4864,.5038,.5110,.5358,.5376,.4701,.4683,.5555,.5366,.5362,.6102,.4904,.5155,.5666,.4736,.5685,.5045,.5917,.5651,.5652,.4579,.5111,.5463,.5052,.4365,.6124,.5792,.5214,.5090,.5059,.5965,.5176,.5241,.5447,.5276,.4647,.5521,.5351,.6013,.5167,.4866,.4505,.5536,.4964,.5028,.5091,.4290,.5010,.5275,.4978,.5006,.5503,.5626,.4997,.5526,.5759,.5329,.5140,.5240,.5266,.4284,.4337,.4904,.4979,.5073,.5580,.4425,.5202,.5269,.5216,.4674,.4542,.4365
Faceless_Void,.3943,.5825,.5020,.5404,.4942,.5191,.5798,.4866,.4515,.5168,.4779,.4853,.5255,.4413,.4416,.5522,.5262,.4775,.4198,.4695,.4470,.4922,.4661,.5255,.4673,.4739,.5682,.4455,.4862,.5765,.5284,.4797,.5000,.4845,.4948,.5374,.5780,.4522,.4896,.4805,.5175,.5054,.4410,.4336,.5338,.5082,.4869,.5679,.4624,.4832,.5409,.4663,.5221,.4682,.5548,.5255,.5518,.4226,.4628,.5212,.4510,.3701,.5831,.5377,.4830,.4567,.4849,.5738,.4610,.4969,.5268,.4930,.4370,.5437,.4948,.5625,.4792,.4495,.4243,.5265,.4295,.4767,.5114,.4027,.4474,.4992,.4664,.4731,.4969,.5263,.4557,.5276,.5502,.4704,.4576,.4744,.4911,.3975,.3897,.4408,.4667,.4652,.5247,.4359,.5231,.4871,.4898,.4549,.3985,.4248
Gyrocopter,.4147,.6105,.5163,.5436,.5648,.5657,.6096,.5332,.4626,.5248,.5216,.5471,.5781,.4857,.5039,.5844,.5476,.5042,.4660,.5068,.5071,.5388,.5006,.5550,.5114,.5121,.5626,.4787,.5072,.5727,.5770,.4982,.5155,.5000,.5036,.5689,.6097,.5052,.4946,.5126,.5325,.5431,.4799,.4697,.5209,.5356,.5406,.6003,.4889,.5130,.5545,.4811,.5615,.4953,.5910,.5768,.5815,.4512,.5135,.5481,.5023,.4136,.6196,.5848,.5261,.5051,.4995,.5947,.4992,.5233,.5352,.5319,.4728,.5727,.5193,.5890,.4950,.5054,.4765,.5650,.4865,.4938,.5247,.4348,.4657,.5235,.4778,.4664,.5438,.5698,.5120,.5672,.5625,.5296,.5097,.5244,.5188,.4616,.4311,.4944,.4919,.4968,.5812,.4646,.5224,.5291,.5354,.4767,.4460,.4268
Huskar,.3903,.5803,.4791,.5571,.4964,.5356,.5981,.4817,.4472,.5312,.4735,.4853,.5174,.4681,.4210,.5604,.5303,.5245,.4369,.5058,.4395,.5089,.4901,.5383,.4953,.4683,.6029,.4652,.4986,.5928,.5343,.4586,.5052,.4964,.5000,.5411,.5930,.4792,.4893,.5208,.5167,.4858,.4903,.4727,.4887,.5110,.4997,.5868,.4808,.4819,.5494,.4621,.5407,.4840,.5787,.5371,.5623,.4381,.4875,.5448,.4841,.3532,.5948,.5483,.4649,.4285,.5202,.5852,.5014,.5600,.5385,.4968,.4377,.5580,.5141,.5686,.4762,.4465,.4493,.5687,.4162,.4730,.5082,.4457,.4610,.5283,.4366,.4772,.4906,.5279,.4788,.5319,.5767,.5152,.4809,.4454,.5108,.3880,.3725,.4406,.5070,.4767,.5512,.4262,.4903,.4685,.5099,.4302,.4108,.4896
Invoker,.3692,.5390,.4589,.4970,.4820,.4941,.5372,.4498,.3867,.4583,.4513,.4620,.5010,.4157,.4263,.4968,.4840,.4429,.3927,.4368,.4172,.4657,.4335,.4972,.4366,.4307,.5082,.4185,.4400,.5179,.4961,.4353,.4626,.4311,.4589,.5000,.5285,.4286,.4486,.4379,.4812,.4605,.4107,.4084,.4568,.4777,.4699,.5331,.4246,.4343,.5012,.4490,.5083,.4325,.5162,.4937,.5100,.3840,.4321,.4685,.4267,.3547,.5633,.5156,.4333,.4232,.4426,.5182,.4356,.4517,.4823,.4507,.3989,.4987,.4596,.5152,.4415,.4261,.4159,.4940,.4029,.4337,.4626,.3761,.4093,.4710,.4244,.4242,.4568,.4959,.4316,.4896,.5117,.4620,.4339,.4487,.4444,.3670,.3648,.4148,.4214,.4344,.4809,.3946,.4483,.4545,.4477,.4190,.4246,.3741
Io,.3301,.5089,.4125,.4623,.4327,.4438,.4982,.4213,.3688,.4313,.4088,.4077,.4698,.3769,.3780,.4757,.4418,.4153,.3501,.3982,.3772,.4300,.4067,.4514,.3915,.3889,.4951,.3792,.4106,.4700,.4471,.3931,.4220,.3903,.4070,.4715,.5000,.3849,.4162,.4188,.4390,.4299,.3697,.3635,.4279,.4219,.4285,.4979,.3826,.4000,.4500,.3843,.4640,.4058,.4815,.4605,.4841,.3442,.3955,.4451,.3878,.3164,.5252,.4642,.4143,.3944,.4221,.4910,.4087,.4331,.4409,.4043,.3646,.4681,.4152,.4781,.4075,.3831,.3816,.4590,.3524,.3987,.4258,.3639,.3694,.4365,.3700,.3902,.4247,.4476,.3966,.4467,.4757,.4099,.3888,.4056,.4258,.3202,.3161,.3793,.3824,.3781,.4565,.3608,.4083,.4108,.4245,.3640,.3503,.3497
Jakiro,.4442,.6161,.5222,.5624,.5710,.5576,.6059,.5463,.4797,.5448,.5301,.5407,.5882,.4991,.5259,.5942,.5583,.5119,.4764,.5117,.4959,.5318,.5017,.5660,.5310,.5055,.6019,.4924,.5234,.5817,.5677,.5136,.5478,.4948,.5208,.5714,.6151,.5000,.5174,.5137,.5499,.5457,.4698,.4817,.5389,.5356,.5411,.6233,.5090,.5343,.5685,.5159,.6109,.5016,.5989,.5766,.5786,.4528,.5256,.5599,.5059,.4351,.6090,.5768,.5345,.5221,.5114,.6068,.5144,.5276,.5461,.5324,.4937,.5603,.5448,.5949,.5059,.5039,.4683,.5626,.4994,.5101,.5310,.4576,.4948,.5390,.5024,.4944,.5771,.5804,.5092,.5630,.5769,.5463,.5274,.5438,.5350,.4222,.4483,.4969,.4993,.5004,.5642,.4809,.5255,.5217,.5386,.4827,.4877,.4475
Juggernaut,.3896,.6025,.5210,.5409,.5130,.5383,.5956,.4915,.4593,.5133,.4994,.5013,.5360,.4726,.4488,.5444,.5260,.5085,.4446,.4813,.4491,.5129,.4778,.5461,.4820,.4652,.5763,.4693,.5002,.5868,.5521,.4962,.5104,.5054,.5107,.5514,.5838,.4826,.5000,.4989,.5416,.5027,.4742,.4618,.5287,.5249,.5060,.5694,.4712,.4845,.5586,.4702,.5215,.4815,.5644,.5467,.5607,.4359,.4682,.5469,.4759,.3770,.6045,.5544,.4991,.4654,.5145,.5779,.4980,.5169,.5341,.4974,.4398,.5571,.5122,.5693,.4886,.4628,.4383,.5406,.4524,.4784,.5082,.4501,.4591,.5085,.4703,.4661,.5039,.5278,.4886,.5617,.5727,.5156,.4850,.4824,.5115,.4036,.3883,.4557,.4851,.4810,.5302,.4567,.4945,.5065,.5062,.4652,.4189,.4546
Keeper_of_The_Light,.4263,.5933,.5073,.5367,.5315,.5384,.5834,.5128,.4537,.5128,.4964,.5396,.5672,.4669,.4749,.5664,.5378,.4904,.4319,.5035,.4717,.5261,.4847,.5379,.4964,.4898,.5777,.4673,.5079,.5672,.5551,.4890,.5195,.4874,.4792,.5621,.5812,.4863,.5011,.5000,.5398,.5098,.4635,.4654,.4992,.5200,.5188,.5805,.4766,.4948,.5453,.5064,.5382,.4903,.5793,.5486,.5607,.4435,.4751,.5313,.4708,.3966,.6145,.5658,.4856,.4789,.5054,.5734,.4758,.5166,.5216,.5120,.4485,.5531,.5056,.5741,.4909,.4768,.4605,.5439,.4535,.4702,.5218,.4303,.4422,.5151,.4759,.4885,.5198,.5529,.4821,.5513,.5650,.5081,.4886,.5082,.4973,.4152,.4104,.4690,.4753,.4878,.5502,.4464,.5088,.5130,.5137,.4663,.4680,.4301
Kunkka,.3918,.5501,.4760,.5181,.5117,.5256,.5496,.4856,.4219,.4828,.4639,.4798,.5335,.4440,.4783,.5415,.5065,.4667,.4187,.4635,.4480,.4904,.4546,.5086,.4701,.4631,.5503,.4409,.4691,.5304,.5227,.4642,.4825,.4675,.4833,.5188,.5610,.4501,.4584,.4602,.5000,.4929,.4355,.4324,.4744,.4953,.4903,.5601,.4565,.4701,.5165,.4487,.5511,.4572,.5498,.5199,.5271,.4014,.4630,.5109,.4541,.3674,.5721,.5313,.4654,.4786,.4527,.5476,.4646,.4967,.5106,.4857,.4236,.5165,.4904,.5539,.4575,.4524,.4211,.5204,.4200,.4550,.4788,.3957,.4397,.4868,.4436,.4329,.4879,.5222,.4633,.5038,.5266,.4806,.4590,.4666,.4802,.3918,.3802,.4455,.4452,.4660,.5170,.4252,.4729,.4809,.4844,.4393,.4039,.4006
Legion_Commander,.3817,.5890,.4866,.5640,.5032,.5299,.5772,.4882,.4573,.5228,.4931,.5082,.5803,.4413,.4585,.5539,.5483,.4728,.4163,.4745,.4306,.5123,.4652,.5326,.4679,.4780,.5717,.4383,.4891,.5778,.5533,.4624,.4946,.4569,.5142,.5395,.5701,.4543,.4973,.4902,.5071,.5000,.4370,.4335,.4993,.5015,.4844,.5708,.4496,.4941,.5185,.4434,.5412,.4718,.5630,.5578,.5705,.4129,.4761,.5266,.4592,.3603,.5818,.5511,.4759,.4778,.4896,.5715,.4817,.5150,.5286,.4817,.4502,.5398,.4824,.5555,.4565,.4613,.4414,.5309,.4322,.4793,.5052,.4235,.4386,.5097,.4441,.4682,.4957,.5537,.4599,.5249,.5603,.4845,.4653,.4620,.4993,.3976,.3829,.4392,.4775,.4729,.5426,.4315,.5058,.4856,.4721,.4392,.3996,.4194
Leshrac,.4587,.6312,.5376,.5660,.5895,.5826,.6262,.5551,.5003,.5574,.5514,.5685,.6123,.5114,.5338,.6037,.5618,.5239,.4935,.5447,.5231,.5508,.5284,.5857,.5405,.5158,.5954,.5097,.5307,.5970,.5912,.5299,.5590,.5201,.5097,.5893,.6303,.5302,.5258,.5365,.5645,.5630,.5000,.5036,.5350,.5611,.5634,.6336,.5138,.5379,.5928,.5135,.6137,.5212,.6182,.6146,.6058,.4825,.5344,.5630,.5263,.4541,.6372,.6027,.5551,.5623,.5316,.6213,.5247,.5244,.5674,.5458,.4961,.5845,.5678,.6168,.5293,.5247,.4885,.5792,.5046,.5423,.5388,.4740,.4936,.5531,.5099,.5026,.5652,.5953,.5405,.5923,.6027,.5617,.5347,.5603,.5479,.4377,.4611,.5166,.5171,.5163,.5689,.4932,.5481,.5497,.5622,.4975,.4872,.4570
Lich,.4586,.6387,.5374,.5710,.5836,.5769,.6207,.5604,.4982,.5529,.5426,.5592,.5711,.5024,.5318,.6027,.5829,.5286,.4821,.5277,.5226,.5535,.5213,.5741,.5382,.5174,.6131,.5064,.5410,.6022,.5904,.5317,.5664,.5303,.5273,.5916,.6365,.5183,.5382,.5346,.5676,.5665,.4964,.5000,.5598,.5537,.5525,.6430,.5269,.5382,.5847,.5413,.6346,.5207,.6137,.5808,.5840,.4841,.5278,.5652,.5146,.4579,.6224,.5947,.5591,.5060,.5305,.6145,.5230,.5384,.5638,.5419,.5045,.5812,.5305,.6049,.5392,.5206,.4898,.5753,.5093,.5081,.5532,.4734,.5035,.5518,.5198,.5137,.5646,.5925,.5368,.5785,.5889,.5588,.5284,.5628,.5540,.4391,.4660,.5107,.5120,.5220,.5851,.5004,.5414,.5429,.5586,.5095,.4709,.4675
Lifestealer,.3703,.5907,.4863,.5220,.5058,.5217,.5715,.4690,.4509,.5036,.4791,.4816,.5213,.4527,.4328,.5547,.5133,.4983,.4249,.4631,.4228,.4932,.4650,.5290,.4771,.4563,.5654,.4610,.4922,.5711,.5415,.4445,.4662,.4791,.5113,.5432,.5721,.4611,.4713,.5008,.5256,.5007,.4650,.4402,.5000,.5032,.4897,.5671,.4545,.4668,.5125,.4388,.5218,.4624,.5589,.5272,.5425,.4224,.4631,.5370,.4645,.3433,.5767,.5386,.4592,.4347,.4918,.5632,.5005,.5147,.5116,.4755,.4203,.5463,.4906,.5537,.4658,.4444,.4385,.5340,.4344,.4452,.4971,.4503,.4396,.4942,.4448,.4649,.4695,.5130,.4543,.5462,.5672,.5166,.4549,.4491,.4917,.3862,.3668,.4360,.4562,.4706,.5284,.4211,.4636,.4682,.4689,.4327,.4155,.4491
Lina,.4025,.5787,.4900,.5255,.5120,.5267,.5711,.4862,.4368,.5008,.4933,.5017,.5605,.4416,.4471,.5506,.5195,.4578,.4272,.4764,.4574,.4968,.4593,.5240,.4711,.4627,.5299,.4370,.4771,.5342,.5491,.4634,.4918,.4644,.4890,.5223,.5781,.4644,.4751,.4800,.5047,.4985,.4389,.4463,.4968,.5000,.4931,.5687,.4578,.4888,.5235,.4378,.5556,.4559,.5516,.5354,.5447,.4150,.4761,.4949,.4563,.3938,.5930,.5467,.4835,.4613,.4829,.5455,.4620,.4629,.5093,.4819,.4314,.5272,.4944,.5519,.4654,.4560,.4252,.5244,.4380,.4684,.4892,.3886,.4272,.4874,.4545,.4547,.4790,.5437,.4544,.5328,.5428,.4894,.4714,.4963,.4787,.3940,.4046,.4444,.4533,.4617,.5265,.4240,.4843,.4844,.4900,.4371,.4143,.3956
Lion,.4017,.5904,.4951,.5419,.5125,.5333,.5785,.4839,.4522,.5140,.4976,.4978,.5474,.4412,.4580,.5464,.5375,.4755,.4326,.4619,.4539,.4980,.4638,.5266,.4747,.4666,.5375,.4490,.4758,.5497,.5442,.4638,.5131,.4594,.5003,.5301,.5715,.4589,.4940,.4812,.5097,.5156,.4366,.4475,.5103,.5069,.5000,.5677,.4627,.4887,.5293,.4438,.5371,.4680,.5631,.5365,.5507,.4146,.4800,.5229,.4600,.3802,.5924,.5426,.4948,.4607,.4745,.5636,.4738,.4775,.5135,.4807,.4571,.5343,.4955,.5525,.4700,.4608,.4265,.5286,.4500,.4804,.4982,.3939,.4463,.5076,.4643,.4754,.5014,.5418,.4564,.5311,.5496,.4972,.4690,.5015,.4933,.3694,.4159,.4505,.4546,.4599,.5172,.4286,.4969,.4944,.4849,.4472,.4318,.4196
Lone_Druid,.3356,.5061,.4302,.4687,.4335,.4672,.5037,.4237,.3788,.4258,.3991,.4103,.4625,.3813,.3854,.4809,.4607,.4165,.3401,.4082,.3841,.4364,.3964,.4636,.4038,.3991,.4995,.3711,.4205,.4743,.4541,.3898,.4321,.3997,.4132,.4669,.5021,.3767,.4306,.4195,.4399,.4292,.3664,.3570,.4329,.4313,.4323,.5000,.3874,.4153,.4525,.4056,.4477,.4162,.4927,.4605,.4772,.3316,.3958,.4483,.3871,.3115,.5320,.4772,.3956,.3858,.4047,.5016,.4136,.4415,.4409,.4265,.3668,.4736,.4072,.4907,.4075,.3985,.3990,.4567,.3686,.3823,.4376,.3559,.3724,.4285,.3785,.4045,.4541,.4660,.3931,.4374,.4807,.4119,.3894,.4057,.4160,.3303,.3291,.3828,.3844,.3980,.4719,.3443,.4183,.4218,.4210,.3758,.3614,.3392
Luna,.4219,.6286,.5269,.5783,.5581,.5664,.6074,.5312,.4851,.5456,.5275,.5334,.5561,.4930,.4869,.5837,.5743,.5093,.4619,.5062,.4985,.5521,.5037,.5741,.5223,.5151,.6080,.4848,.5188,.5925,.5776,.5096,.5376,.5111,.5192,.5754,.6174,.4910,.5288,.5234,.5435,.5504,.4862,.4731,.5455,.5422,.5373,.6126,.5000,.5240,.5689,.4918,.5444,.5126,.6029,.5729,.5821,.4582,.5046,.5491,.4979,.4326,.6214,.5851,.5288,.4875,.5212,.6109,.5092,.5436,.5531,.5326,.4871,.5674,.5186,.5900,.5211,.5023,.4836,.5665,.4895,.4929,.5358,.4445,.4769,.5451,.4881,.4919,.5434,.5684,.5155,.5763,.5772,.5339,.5108,.5271,.5324,.4381,.4326,.4907,.5011,.4997,.5612,.4615,.5392,.5361,.5366,.4844,.4554,.4342
Lycan,.4203,.5929,.5265,.5557,.4880,.5376,.5809,.4956,.4409,.5110,.4944,.4882,.5379,.4615,.4664,.5694,.5445,.5064,.4277,.4761,.4692,.5306,.4910,.5504,.4893,.4922,.6002,.4522,.5126,.5649,.5265,.4845,.5168,.4870,.5181,.5657,.6000,.4657,.5155,.5052,.5299,.5059,.4621,.4618,.5332,.5112,.5113,.5847,.4760,.5000,.5442,.4866,.5296,.5014,.5748,.5253,.5622,.4343,.4819,.5366,.4736,.3912,.5880,.5489,.4812,.4554,.5019,.5875,.5126,.5293,.5197,.5139,.4525,.5615,.4972,.5783,.4896,.4785,.4810,.5599,.4316,.4748,.5303,.4580,.4561,.5263,.4545,.4779,.5145,.5284,.4801,.5122,.5608,.4952,.4822,.4689,.5108,.4372,.4103,.4557,.4917,.4965,.5481,.4596,.5002,.5017,.5091,.4667,.4520,.4413
Magnus,.3684,.5449,.4674,.4946,.4922,.5015,.5398,.4639,.4053,.4836,.4603,.4674,.5208,.4199,.4488,.5137,.4901,.4430,.4130,.4462,.4374,.4661,.4323,.4843,.4522,.4363,.5152,.4116,.4504,.5118,.5122,.4334,.4591,.4455,.4506,.4988,.5500,.4315,.4414,.4547,.4835,.4815,.4072,.4153,.4875,.4765,.4707,.5475,.4311,.4558,.5000,.4216,.5226,.4456,.5277,.5085,.5186,.3883,.4476,.4950,.4403,.3603,.5505,.5154,.4634,.4588,.4366,.5283,.4471,.4640,.4834,.4567,.4032,.5004,.4731,.5281,.4473,.4334,.3974,.4990,.4168,.4423,.4589,.3631,.4131,.4692,.4269,.4245,.4704,.5036,.4317,.4853,.5140,.4646,.4436,.4590,.4669,.3651,.3676,.4360,.4293,.4329,.4959,.4061,.4692,.4666,.4694,.4170,.3907,.3751
Medusa,.4392,.6107,.5407,.5363,.5636,.5572,.6043,.5374,.4925,.5426,.5182,.5408,.5415,.4895,.5403,.5816,.5551,.5155,.4716,.4971,.4958,.5350,.5028,.5830,.5277,.4977,.5972,.4934,.5152,.5921,.5609,.5264,.5337,.5189,.5379,.5510,.6157,.4841,.5298,.4936,.5513,.5566,.4865,.4587,.5612,.5622,.5562,.5944,.5082,.5134,.5784,.5000,.5774,.5028,.6049,.5686,.5804,.4716,.5072,.5398,.5081,.4329,.6106,.5658,.5206,.5116,.5132,.6153,.5160,.5406,.5705,.5284,.4611,.5854,.5351,.6009,.5316,.4992,.4704,.5710,.4949,.4931,.5258,.4528,.4980,.5470,.5256,.5224,.5525,.5686,.5063,.5706,.5891,.5485,.4991,.5217,.5338,.4614,.4336,.4965,.5041,.5100,.5775,.4699,.5320,.5406,.5453,.4905,.4742,.4573
Meepo,.3776,.5529,.4528,.5349,.4665,.5261,.5374,.4719,.4114,.5039,.4524,.4524,.5443,.4119,.4526,.5216,.5034,.4596,.3946,.4298,.4259,.4762,.4128,.5172,.4549,.4452,.5276,.3664,.4277,.4456,.4978,.4315,.4779,.4385,.4593,.4917,.5360,.3891,.4785,.4618,.4489,.4588,.3863,.3654,.4782,.4444,.4629,.5523,.4556,.4704,.4774,.4226,.5000,.4462,.5370,.5140,.5384,.3914,.4699,.4827,.4473,.3491,.5592,.4914,.4700,.4620,.4625,.5231,.4617,.4904,.4928,.4815,.4328,.5025,.4430,.5309,.4292,.4417,.4014,.5101,.4031,.4484,.4788,.4091,.4596,.4709,.3686,.4168,.5000,.5087,.4285,.4343,.5336,.4392,.4531,.4487,.4706,.3610,.3689,.4273,.4304,.4638,.5086,.3777,.4589,.4546,.4357,.4127,.4133,.4068
Mirana,.4168,.6152,.5276,.5502,.5369,.5550,.6005,.5086,.4567,.5241,.5193,.5322,.5581,.4769,.4802,.5599,.5605,.5115,.4626,.4931,.4777,.5405,.4989,.5572,.5059,.5100,.5688,.4769,.5109,.5803,.5764,.4955,.5318,.5047,.5160,.5675,.5942,.4984,.5185,.5097,.5428,.5282,.4788,.4793,.5376,.5441,.5320,.5838,.4874,.4986,.5544,.4972,.5538,.5000,.5873,.5449,.5760,.4408,.5046,.5430,.4906,.4053,.6159,.5724,.5164,.4798,.5114,.5834,.5040,.5317,.5403,.5266,.4650,.5599,.5256,.5848,.5019,.5006,.4747,.5584,.4640,.4950,.5456,.4296,.4698,.5280,.4963,.4915,.5277,.5549,.4918,.5608,.5748,.5227,.4880,.5279,.5172,.4279,.4305,.4814,.4829,.4994,.5488,.4637,.5381,.5285,.5163,.4896,.4477,.4256
Morphling,.3394,.5199,.4288,.4551,.4544,.4783,.5285,.4324,.3842,.4514,.4371,.4350,.4832,.3892,.3968,.4911,.4737,.4252,.3638,.4109,.3931,.4327,.3988,.4669,.4217,.4056,.5075,.3857,.4234,.4897,.4804,.4083,.4452,.4090,.4213,.4838,.5185,.4011,.4356,.4207,.4502,.4370,.3818,.3863,.4411,.4484,.4369,.5073,.3971,.4252,.4723,.3951,.4630,.4127,.5000,.4769,.4945,.3516,.4039,.4553,.4032,.3275,.5463,.4786,.4274,.3939,.4377,.5060,.4220,.4353,.4532,.4316,.3781,.4701,.4324,.5044,.4137,.4038,.3739,.4694,.3834,.4099,.4503,.3583,.3867,.4437,.4005,.4085,.4410,.4811,.4041,.4609,.4943,.4314,.4125,.4239,.4371,.3361,.3355,.3956,.4014,.4110,.4816,.3661,.4353,.4417,.4451,.3923,.3674,.3456
Naga_Siren,.3855,.5419,.4755,.4883,.4614,.5136,.5443,.4680,.4093,.4965,.4642,.4689,.5402,.4151,.4483,.5295,.5095,.4452,.3883,.4365,.4308,.4709,.4386,.5011,.4456,.4448,.5387,.3935,.4659,.4775,.5186,.4349,.4745,.4232,.4629,.5063,.5395,.4234,.4533,.4514,.4801,.4422,.3854,.4192,.4728,.4646,.4635,.5395,.4271,.4747,.4915,.4314,.4860,.4551,.5231,.5000,.5237,.3745,.4603,.4939,.4287,.3534,.5545,.5001,.4458,.4445,.4480,.5206,.4496,.4769,.4806,.4673,.4220,.5047,.4504,.5407,.4313,.4279,.4154,.5078,.4241,.4391,.4717,.3835,.4245,.4538,.4134,.4454,.5085,.5121,.4309,.4568,.5308,.4473,.4541,.4470,.4624,.3674,.3841,.4353,.4318,.4521,.5285,.3996,.4742,.4662,.4754,.4255,.4180,.3639
Nature's_Prophet,.3638,.5286,.4601,.4583,.4478,.4823,.5226,.4430,.3999,.4477,.4482,.4481,.4835,.3982,.3992,.4941,.4803,.4266,.3747,.4380,.4067,.4694,.4346,.4762,.4236,.4238,.5167,.3994,.4584,.4948,.4999,.4348,.4482,.4185,.4377,.4900,.5159,.4214,.4393,.4393,.4729,.4295,.3942,.4160,.4575,.4553,.4493,.5228,.4179,.4378,.4814,.4196,.4616,.4240,.5055,.4763,.5000,.3705,.4241,.4626,.4074,.3422,.5498,.5063,.4097,.4057,.4419,.5162,.4216,.4654,.4634,.4537,.3795,.4884,.4354,.5149,.4146,.4193,.4039,.4863,.3880,.3975,.4691,.3475,.3720,.4243,.4132,.4285,.4445,.4889,.4216,.4667,.4912,.4378,.4150,.4352,.4335,.3653,.3527,.4012,.4351,.4312,.4920,.4042,.4480,.4402,.4508,.4159,.3719,.3634
Necrophos,.4831,.6522,.5493,.5961,.6173,.6120,.6587,.5722,.5365,.5999,.5832,.6249,.6346,.5593,.5374,.6212,.6055,.5749,.5055,.5595,.5183,.5858,.5353,.6131,.5764,.5422,.6371,.5366,.5637,.6193,.6138,.5421,.5774,.5488,.5619,.6160,.6558,.5472,.5641,.5565,.5986,.5871,.5175,.5159,.5776,.5850,.5854,.6684,.5418,.5657,.6117,.5284,.6086,.5592,.6484,.6255,.6295,.5000,.5739,.6018,.5583,.4736,.6592,.6296,.5760,.5577,.5662,.6471,.5670,.5571,.6002,.5931,.5446,.6190,.5876,.6358,.5514,.5486,.5122,.6030,.5345,.5702,.5782,.5297,.5460,.5861,.5450,.5451,.5697,.6030,.5677,.6353,.6237,.6045,.5554,.5778,.5806,.4676,.4729,.5350,.5509,.5608,.5956,.5001,.5906,.5803,.5800,.5161,.5064,.5006
Night_Stalker,.4195,.6179,.5212,.5821,.5252,.5557,.5974,.5121,.4591,.5296,.5207,.5117,.5553,.4626,.4754,.5860,.5762,.4923,.4426,.4922,.4702,.5349,.4883,.5654,.4938,.5100,.6021,.4676,.5140,.5829,.5741,.4886,.5374,.4867,.5123,.5677,.6046,.4745,.5320,.5250,.5372,.5241,.4660,.4726,.5368,.5239,.5199,.6042,.4954,.5181,.5527,.4931,.5303,.4954,.5963,.5397,.5758,.4262,.5000,.5567,.4739,.3991,.6028,.5683,.5181,.4738,.5250,.5911,.5114,.5459,.5436,.4971,.4723,.5647,.5077,.5881,.5026,.4862,.4719,.5645,.4507,.4906,.5398,.4495,.4641,.5438,.4799,.4984,.5325,.5559,.4787,.5574,.5864,.5141,.4873,.5099,.5147,.4140,.4346,.4688,.4791,.4911,.5630,.4585,.5299,.5203,.5150,.4681,.4430,.4409
Nyx_Assassin,.3798,.5694,.4771,.5103,.4833,.5075,.5475,.4585,.4230,.4888,.4712,.4811,.5185,.4247,.4323,.5325,.5071,.4563,.4173,.4558,.4396,.4762,.4442,.5024,.4487,.4520,.5299,.4252,.4633,.5273,.5158,.4537,.4788,.4519,.4552,.5315,.5549,.4401,.4531,.4687,.4891,.4734,.4370,.4348,.4630,.5051,.4771,.5517,.4509,.4634,.5050,.4602,.5173,.4570,.5447,.5061,.5374,.3982,.4433,.5000,.4363,.3524,.5651,.5414,.4633,.4460,.4688,.5455,.4492,.4867,.5104,.4652,.4055,.5129,.4780,.5472,.4597,.4313,.4217,.5109,.4065,.4557,.4967,.3854,.4204,.4914,.4311,.4406,.4784,.5138,.4413,.5164,.5486,.4654,.4452,.4687,.4724,.3783,.3796,.4304,.4362,.4390,.4983,.4070,.4894,.4835,.4765,.4340,.4138,.3898
Ogre_Magi,.4235,.6262,.5278,.5658,.5543,.5794,.6222,.5253,.4873,.5568,.5322,.5362,.5869,.4862,.4831,.5877,.5815,.5104,.4661,.5037,.4842,.5402,.4946,.5723,.5170,.5175,.5928,.4821,.5114,.5815,.5968,.4948,.5490,.4977,.5159,.5733,.6122,.4941,.5241,.5292,.5459,.5408,.4737,.4854,.5355,.5437,.5400,.6129,.5021,.5264,.5597,.4919,.5527,.5094,.5968,.5713,.5926,.4417,.5260,.5637,.5000,.4025,.6367,.5900,.5442,.4736,.5138,.5966,.5198,.5266,.5480,.5239,.4960,.5740,.5219,.5981,.5046,.4978,.4718,.5727,.4878,.4998,.5472,.4517,.4792,.5382,.4894,.5093,.5462,.5792,.4918,.5742,.5993,.5419,.5035,.5461,.5336,.4062,.4487,.4901,.4971,.5012,.5727,.4504,.5304,.5375,.5238,.4754,.4606,.4458
Omniknight,.5232,.7034,.5896,.6570,.6370,.6313,.6795,.6105,.5547,.6337,.6131,.6268,.6547,.5783,.6020,.6567,.6385,.6054,.5412,.5610,.5619,.6033,.5764,.6286,.5977,.5671,.6689,.5719,.5830,.6752,.6359,.5635,.6299,.5864,.6468,.6453,.6836,.5649,.6230,.6034,.6326,.6397,.5459,.5421,.6567,.6062,.6198,.6885,.5674,.6088,.6397,.5671,.6509,.5947,.6725,.6466,.6578,.5264,.6010,.6476,.5975,.5000,.6737,.6310,.6462,.5901,.6079,.6799,.6095,.6020,.6241,.5835,.5870,.6437,.6046,.6497,.5813,.5895,.5406,.6424,.5833,.6221,.6170,.5693,.5865,.6410,.5906,.5752,.6282,.6364,.5979,.6336,.6569,.6240,.5898,.6193,.6235,.4909,.5273,.5673,.5761,.5942,.6265,.5374,.6030,.6036,.6078,.5762,.5656,.5367
Oracle,.3430,.4960,.4261,.4385,.4067,.4471,.4961,.3892,.3574,.4237,.4099,.3975,.4589,.3704,.3753,.4521,.4474,.3994,.3415,.4017,.3744,.4175,.3976,.4132,.4045,.3809,.4928,.3581,.4325,.4651,.4452,.3876,.4169,.3804,.4052,.4367,.4748,.3910,.3955,.3855,.4279,.4182,.3628,.3776,.4233,.4070,.4076,.4680,.3786,.4120,.4495,.3894,.4408,.3841,.4537,.4455,.4502,.3408,.3972,.4349,.3633,.3263,.5000,.4376,.3905,.3613,.4017,.4584,.3852,.4242,.4192,.3947,.3570,.4375,.3967,.4463,.3704,.3860,.3586,.4523,.3696,.3746,.4047,.3287,.3606,.4229,.3763,.3799,.3978,.4506,.3884,.4173,.4648,.4072,.4103,.3874,.3874,.3176,.3310,.3675,.3954,.3821,.4687,.3606,.4055,.3950,.4329,.3624,.3624,.3382
Outworld_Devourer,.3841,.5352,.4546,.5134,.4781,.4852,.5261,.4390,.3922,.4600,.4481,.4688,.4902,.4155,.4297,.4998,.4878,.4448,.3805,.4425,.4272,.4483,.4125,.4767,.4472,.4246,.5218,.3972,.4522,.5106,.4828,.4208,.4623,.4152,.4517,.4844,.5358,.4232,.4456,.4342,.4687,.4489,.3973,.4053,.4614,.4533,.4574,.5228,.4149,.4511,.4846,.4342,.5086,.4276,.5214,.4999,.4937,.3704,.4318,.4586,.4100,.3690,.5624,.5000,.4381,.4128,.4383,.5040,.4327,.4163,.4583,.4412,.4054,.4942,.4292,.5108,.4174,.4157,.3816,.4850,.4075,.4371,.4444,.3670,.3953,.4668,.4197,.4095,.4531,.4974,.4309,.4787,.4919,.4549,.4479,.4480,.4406,.3507,.3643,.4128,.4226,.4284,.5026,.3860,.4552,.4436,.4711,.3997,.4004,.3577
Phantom_Assassin,.4099,.6082,.5089,.5894,.5074,.5376,.5844,.5086,.4656,.5287,.4967,.4922,.5555,.4434,.4715,.5732,.5655,.4892,.4172,.4742,.4522,.5148,.4848,.5391,.4895,.5216,.5714,.4566,.4915,.5902,.5808,.4786,.5170,.4739,.5351,.5667,.5857,.4655,.5009,.5144,.5346,.5241,.4449,.4409,.5408,.5165,.5052,.6044,.4712,.5188,.5366,.4794,.5300,.4836,.5726,.5542,.5903,.4240,.4820,.5367,.4558,.3538,.6095,.5619,.5000,.4866,.4784,.5738,.4821,.5141,.5218,.4841,.4804,.5658,.4897,.5814,.4762,.4763,.4613,.5404,.4513,.4816,.5474,.4274,.4621,.5211,.4736,.4781,.5286,.5483,.4636,.5222,.5515,.4928,.4709,.4897,.4998,.3966,.4146,.4623,.4817,.4969,.5492,.4427,.5002,.5078,.5080,.4740,.4260,.4246
Phantom_Lancer,.4467,.6113,.5500,.5518,.5200,.5942,.6106,.5399,.4740,.5716,.5346,.5274,.5785,.4635,.5196,.6102,.5916,.5272,.4404,.4695,.5018,.5345,.5010,.5733,.5135,.5386,.5812,.4443,.5002,.5322,.6006,.4910,.5433,.4949,.5715,.5768,.6056,.4779,.5346,.5211,.5214,.5222,.4377,.4940,.5653,.5387,.5393,.6142,.5125,.5446,.5412,.4884,.5380,.5202,.6061,.5555,.5943,.4423,.5263,.5540,.5264,.4099,.6387,.5872,.5134,.5000,.5097,.5715,.5283,.5381,.5359,.5339,.4821,.5811,.4858,.6192,.4958,.5001,.4947,.5829,.4967,.5150,.5496,.4313,.4893,.5228,.4626,.4992,.5832,.6005,.4835,.5079,.6031,.4935,.5303,.5215,.5446,.4218,.4716,.5165,.4990,.5406,.6028,.4772,.5256,.5393,.5354,.5003,.5351,.4213
Phoenix,.4023,.5779,.5185,.5261,.5551,.5409,.5938,.5036,.4409,.5300,.5116,.5256,.5537,.4777,.5013,.5521,.5189,.5194,.4664,.4976,.4762,.5119,.4869,.5315,.5017,.4762,.5629,.4865,.4997,.5651,.5464,.4941,.5151,.5005,.4798,.5574,.5779,.4886,.4855,.4946,.5473,.5104,.4684,.4695,.5082,.5171,.5255,.5953,.4788,.4981,.5634,.4868,.5375,.4886,.5623,.5520,.5581,.4338,.4753,.5312,.4862,.3921,.5983,.5617,.5216,.4903,.5000,.5893,.5046,.5158,.5310,.5150,.4499,.5655,.5362,.5770,.5002,.4727,.4382,.5407,.4671,.4895,.5150,.4557,.4603,.5139,.4830,.4794,.5475,.5514,.4952,.5403,.5603,.5275,.4979,.4810,.5226,.4235,.3962,.4796,.4881,.4873,.5473,.4552,.5034,.5122,.5236,.4715,.4474,.4476
Puck,.3295,.5084,.4306,.4577,.4502,.4785,.5136,.4263,.3829,.4565,.4271,.4274,.4872,.3894,.4017,.4805,.4691,.4073,.3722,.4043,.3963,.4319,.3975,.4592,.3974,.4139,.4926,.3862,.4176,.4805,.4818,.4035,.4262,.4053,.4148,.4818,.5090,.3932,.4221,.4266,.4524,.4285,.3787,.3855,.4368,.4545,.4364,.4984,.3891,.4125,.4717,.3847,.4769,.4166,.4940,.4794,.4838,.3529,.4088,.4545,.4034,.3201,.5416,.4960,.4262,.4285,.4107,.5000,.4147,.4256,.4645,.4237,.3793,.4680,.4351,.5010,.4003,.3952,.3692,.4741,.3854,.4225,.4363,.3383,.3852,.4325,.3901,.3994,.4304,.4811,.4022,.4632,.4871,.4210,.4046,.4205,.4316,.3262,.3296,.3896,.3868,.3958,.4681,.3651,.4380,.4333,.4337,.3904,.3449,.3431
Pudge,.3944,.6037,.5188,.5514,.5353,.5585,.5888,.5049,.4676,.5384,.5073,.5024,.5494,.4708,.4580,.5617,.5605,.4935,.4544,.4982,.4627,.5237,.4864,.5475,.5043,.5047,.5790,.4752,.5070,.5591,.5729,.4824,.5390,.5008,.4986,.5644,.5913,.4856,.5020,.5242,.5354,.5183,.4753,.4770,.4995,.5380,.5262,.5864,.4908,.4874,.5529,.4840,.5383,.4960,.5780,.5504,.5784,.4330,.4886,.5508,.4802,.3905,.6148,.5673,.5179,.4717,.4954,.5853,.5000,.5548,.5325,.5150,.4713,.5677,.5246,.5819,.5120,.4816,.4545,.5505,.4458,.4915,.5505,.4345,.4671,.5139,.4762,.5068,.5505,.5509,.4875,.5496,.5963,.5122,.4930,.5092,.5159,.3997,.4045,.4682,.4939,.5010,.5443,.4475,.4977,.5201,.5176,.4691,.4220,.4532
Pugna,.3982,.5665,.4876,.5015,.5226,.5196,.5617,.4874,.4328,.5045,.4859,.5023,.5294,.4473,.4547,.5418,.5221,.4801,.4385,.4771,.4675,.5055,.4790,.5204,.4886,.4526,.5636,.4543,.4826,.5447,.5383,.4759,.5031,.4767,.4400,.5483,.5669,.4724,.4831,.4834,.5033,.4850,.4756,.4616,.4853,.5371,.5225,.5585,.4564,.4707,.5360,.4594,.5096,.4683,.5647,.5231,.5346,.4429,.4541,.5133,.4734,.3980,.5758,.5837,.4859,.4619,.4842,.5744,.4452,.5000,.5426,.4854,.4264,.5335,.4950,.5631,.4676,.4718,.4559,.5651,.4397,.4833,.4749,.4178,.4387,.5247,.4589,.4500,.5004,.5234,.4939,.5509,.5547,.4947,.4724,.4816,.4865,.4225,.3936,.4492,.4703,.4680,.5248,.4314,.4859,.5000,.5101,.4467,.4312,.4248
Queen_of_Pain,.3743,.5654,.4820,.5130,.5072,.5151,.5696,.4745,.4177,.5002,.4870,.4970,.5463,.4378,.4448,.5293,.5019,.4713,.4140,.4654,.4439,.4851,.4507,.5153,.4631,.4516,.5122,.4306,.4615,.5242,.5324,.4553,.4732,.4648,.4615,.5177,.5591,.4539,.4659,.4784,.4894,.4714,.4326,.4362,.4884,.4907,.4865,.5591,.4469,.4803,.5166,.4295,.5072,.4597,.5468,.5194,.5366,.3998,.4564,.4896,.4520,.3759,.5808,.5417,.4782,.4641,.4690,.5355,.4675,.4574,.5000,.4779,.4183,.5293,.4852,.5567,.4544,.4440,.4188,.5128,.4248,.4676,.4967,.3957,.4178,.4909,.4381,.4332,.4700,.5187,.4543,.5257,.5319,.4789,.4424,.4772,.4742,.3891,.3800,.4430,.4442,.4531,.5162,.4196,.4810,.4850,.4814,.4290,.3943,.3868
Razor,.4123,.5929,.5023,.5316,.5223,.5460,.5856,.5018,.4395,.5151,.5031,.5189,.5478,.4609,.4667,.5627,.5408,.4796,.4253,.4778,.4667,.5154,.4772,.5358,.4925,.4565,.5850,.4481,.4966,.5467,.5349,.4724,.5070,.4681,.5032,.5493,.5957,.4676,.5026,.4880,.5143,.5183,.4542,.4581,.5245,.5181,.5193,.5735,.4674,.4861,.5433,.4716,.5185,.4734,.5684,.5327,.5463,.4069,.5029,.5348,.4761,.4165,.6053,.5588,.5159,.4661,.4850,.5763,.4850,.5146,.5221,.5000,.4741,.5685,.4890,.5809,.4626,.4835,.4580,.5560,.4582,.4662,.4865,.4156,.4679,.5162,.4732,.4540,.5182,.5388,.4898,.5281,.5480,.5074,.4877,.4950,.5033,.3916,.4134,.4568,.4625,.4598,.5445,.4502,.4974,.4986,.5172,.4489,.4344,.4362
Riki,.4525,.6544,.5630,.6220,.5417,.5853,.6210,.5519,.4826,.5384,.5481,.5220,.5721,.4955,.5109,.6149,.6050,.5455,.4658,.5257,.5000,.5593,.5267,.5937,.5304,.5427,.6270,.5024,.5336,.6402,.5960,.5353,.5630,.5272,.5623,.6011,.6354,.5063,.5602,.5515,.5764,.5498,.5039,.4955,.5797,.5686,.5429,.6332,.5129,.5475,.5968,.5389,.5672,.5350,.6219,.5780,.6205,.4554,.5277,.5945,.5040,.4130,.6430,.5946,.5196,.5179,.5501,.6207,.5287,.5736,.5817,.5259,.5000,.6130,.5474,.6327,.5134,.5164,.5021,.5905,.4685,.5498,.5665,.4695,.5031,.5840,.5117,.5162,.5752,.5864,.5224,.5808,.6060,.5273,.5275,.5217,.5649,.4727,.4540,.4923,.5160,.5242,.5865,.4997,.5702,.5499,.5432,.5234,.4740,.4637
Rubick,.3669,.5466,.4596,.4912,.4650,.4979,.5369,.4529,.3973,.4741,.4526,.4456,.5061,.4157,.4070,.5080,.4785,.4398,.4055,.4325,.4127,.4600,.4302,.4857,.4336,.4224,.5057,.4261,.4408,.4980,.4957,.4479,.4563,.4273,.4420,.5013,.5319,.4397,.4429,.4469,.4835,.4602,.4155,.4188,.4537,.4728,.4657,.5264,.4326,.4385,.4996,.4146,.4975,.4401,.5299,.4953,.5116,.3810,.4353,.4871,.4260,.3563,.5625,.5058,.4342,.4189,.4345,.5320,.4323,.4665,.4707,.4315,.3870,.5000,.4611,.5121,.4366,.4246,.4014,.4921,.4054,.4178,.4578,.3650,.3972,.4585,.4239,.4367,.4520,.4879,.4319,.4864,.5148,.4545,.4405,.4493,.4525,.3543,.3524,.4126,.4265,.4211,.4842,.3983,.4566,.4513,.4525,.4095,.3973,.3850
Sand_King,.4139,.5796,.4952,.5291,.5174,.5459,.5707,.5097,.4373,.5107,.5065,.4949,.5782,.4465,.5048,.5664,.5407,.4786,.4365,.4677,.4668,.5109,.4565,.5325,.4909,.4779,.5433,.4431,.4730,.5562,.5617,.4649,.5052,.4807,.4859,.5404,.5848,.4552,.4878,.4944,.5096,.5176,.4322,.4695,.5094,.5056,.5045,.5928,.4814,.5028,.5269,.4649,.5570,.4744,.5676,.5496,.5646,.4124,.4924,.5220,.4781,.3954,.6033,.5708,.5103,.5142,.4638,.5649,.4754,.5050,.5148,.5110,.4526,.5389,.5000,.5763,.4637,.4716,.4289,.5331,.4382,.4911,.4994,.4007,.4495,.5021,.4702,.4587,.5329,.5633,.4713,.5162,.5565,.5005,.4834,.5099,.5093,.3983,.4177,.4705,.4606,.4768,.5360,.4425,.5064,.5005,.5124,.4559,.4314,.3943
Shadow_Demon,.3525,.5202,.4370,.4784,.4562,.4711,.5129,.4284,.3802,.4437,.4206,.4398,.4856,.3914,.3786,.4912,.4654,.4306,.3688,.4090,.4038,.4407,.4188,.4596,.4168,.4078,.5084,.3847,.4276,.4834,.4772,.3987,.4375,.4110,.4314,.4848,.5219,.4051,.4307,.4259,.4461,.4445,.3832,.3951,.4463,.4481,.4475,.5093,.4100,.4217,.4719,.3991,.4691,.4152,.4956,.4593,.4851,.3642,.4119,.4528,.4019,.3503,.5537,.4892,.4186,.3808,.4230,.4990,.4181,.4369,.4433,.4191,.3673,.4879,.4237,.5000,.4213,.4015,.3880,.4818,.3811,.4127,.4407,.3671,.3771,.4341,.3957,.4131,.4561,.4746,.4014,.4515,.5035,.4345,.4183,.4340,.4236,.3249,.3595,.3956,.3966,.4115,.4797,.3660,.4102,.4337,.4315,.3896,.3704,.3500
Shadow_Fiend,.4174,.6099,.5197,.5549,.5500,.5546,.6059,.5195,.4739,.5222,.5182,.5364,.5858,.4902,.4991,.5676,.5492,.5066,.4556,.4892,.4860,.5371,.5021,.5598,.5080,.5014,.5625,.4824,.4988,.5753,.5719,.4833,.5208,.5050,.5238,.5585,.5925,.4941,.5114,.5091,.5425,.5435,.4707,.4608,.5342,.5346,.5300,.5925,.4789,.5104,.5527,.4684,.5708,.4981,.5863,.5687,.5854,.4486,.4975,.5403,.4954,.4187,.6296,.5826,.5238,.5042,.4998,.5997,.4880,.5324,.5456,.5374,.4866,.5634,.5363,.5787,.5000,.4880,.4836,.5594,.4714,.5091,.5267,.4413,.4678,.5332,.4837,.4661,.5014,.5612,.5193,.5592,.5569,.5272,.4992,.5125,.5192,.4349,.4087,.4802,.4866,.5048,.5452,.4585,.5298,.5214,.5150,.4717,.4492,.4243
Shadow_Shaman,.4229,.6216,.5330,.5851,.5454,.5712,.6060,.5292,.4915,.5579,.5329,.5236,.5709,.4853,.4967,.5871,.5695,.5258,.4745,.5103,.4873,.5263,.4976,.5684,.5154,.5011,.6054,.4877,.5189,.5971,.5769,.5134,.5505,.4946,.5535,.5739,.6169,.4961,.5372,.5232,.5476,.5387,.4753,.4794,.5556,.5440,.5392,.6015,.4977,.5215,.5666,.5008,.5583,.4994,.5962,.5721,.5807,.4514,.5141,.5687,.5022,.4105,.6140,.5843,.5237,.4999,.5273,.6048,.5184,.5282,.5560,.5165,.4836,.5754,.5284,.5985,.5120,.5000,.4586,.5707,.4918,.5073,.5272,.4470,.4954,.5518,.5006,.5073,.5645,.5747,.5063,.5588,.5885,.5360,.5149,.5330,.5416,.4356,.4482,.4879,.5020,.5166,.5672,.4622,.5380,.5250,.5275,.4798,.4690,.4543
Silencer,.4451,.6414,.5586,.5857,.5951,.5950,.6341,.5377,.4892,.5562,.5627,.5640,.5766,.5289,.5284,.5869,.5826,.5404,.5011,.5361,.5226,.5614,.5277,.5955,.5486,.5198,.6014,.5217,.5479,.6193,.5988,.5495,.5757,.5235,.5507,.5841,.6184,.5317,.5617,.5395,.5789,.5586,.5115,.5102,.5615,.5748,.5735,.6010,.5164,.5190,.6026,.5296,.5986,.5253,.6261,.5846,.5961,.4878,.5282,.5783,.5282,.4594,.6414,.6184,.5387,.5053,.5618,.6308,.5455,.5441,.5812,.5420,.4979,.5986,.5711,.6120,.5164,.5414,.5000,.5901,.5114,.5254,.5580,.4665,.4941,.5792,.5363,.5182,.5402,.5913,.5278,.6097,.6032,.5605,.5342,.5469,.5544,.4553,.4552,.5108,.5279,.5227,.5882,.4957,.5600,.5547,.5622,.5263,.4980,.4793
Skywrath_Mage,.3537,.5569,.4672,.4936,.4880,.4931,.5372,.4482,.4081,.4745,.4700,.4596,.5060,.4086,.4013,.5170,.4973,.4506,.4058,.4450,.4226,.4671,.4424,.4994,.4466,.4426,.5254,.4247,.4660,.5261,.5134,.4464,.4735,.4350,.4313,.5060,.5410,.4374,.4594,.4561,.4796,.4691,.4208,.4247,.4660,.4756,.4714,.5433,.4335,.4401,.5010,.4290,.4899,.4416,.5306,.4922,.5137,.3970,.4356,.4891,.4273,.3576,.5477,.5150,.4596,.4171,.4593,.5259,.4495,.4349,.4872,.4440,.4095,.5079,.4669,.5182,.4406,.4293,.4099,.5000,.4178,.4405,.4741,.3756,.3980,.4831,.4263,.4411,.4622,.5014,.4287,.5161,.5210,.4687,.4388,.4645,.4540,.3655,.3739,.4177,.4345,.4267,.5026,.3992,.4689,.4627,.4669,.4203,.3764,.3863
Slardar,.4440,.6544,.5427,.6245,.5650,.5878,.6213,.5465,.5107,.5909,.5439,.5708,.6360,.5081,.5074,.6229,.6096,.5241,.4784,.5243,.5018,.5573,.5126,.5906,.5218,.5372,.6196,.4991,.5338,.6199,.5902,.5036,.5705,.5135,.5838,.5971,.6476,.5006,.5476,.5465,.5800,.5678,.4954,.4907,.5656,.5620,.5500,.6314,.5105,.5684,.5832,.5051,.5969,.5360,.6166,.5759,.6120,.4655,.5494,.5935,.5122,.4167,.6304,.5925,.5487,.5033,.5329,.6146,.5542,.5603,.5752,.5418,.5315,.5946,.5618,.6189,.5286,.5082,.4886,.5822,.5000,.5345,.5598,.4740,.5166,.5706,.5082,.5222,.5879,.5823,.4926,.5923,.5951,.5492,.5364,.5500,.5639,.4406,.4829,.5005,.5030,.5333,.5799,.4795,.5706,.5447,.5400,.4973,.4834,.4556
Slark,.4344,.6296,.5228,.5309,.5429,.5623,.6104,.5162,.4531,.5453,.5223,.5343,.5863,.4719,.4782,.5888,.5667,.4984,.4487,.4893,.4688,.5406,.4811,.5582,.5170,.5223,.5669,.4634,.4963,.5879,.5854,.4972,.5233,.5062,.5270,.5663,.6013,.4899,.5216,.5298,.5450,.5207,.4577,.4919,.5548,.5316,.5196,.6177,.5071,.5252,.5577,.5069,.5516,.5050,.5901,.5609,.6025,.4298,.5095,.5443,.5002,.3779,.6254,.5629,.5184,.4850,.5105,.5775,.5085,.5167,.5324,.5338,.4502,.5822,.5089,.5873,.4909,.4927,.4746,.5595,.4655,.5000,.5554,.4528,.4615,.5042,.4963,.4767,.5537,.5699,.5042,.5433,.5981,.5081,.5128,.5250,.5098,.4122,.4315,.4855,.5011,.5023,.5625,.4715,.5295,.5221,.5210,.4929,.4642,.4475
Sniper,.3939,.5772,.4893,.5216,.5024,.5269,.5795,.4994,.4397,.4978,.4865,.4967,.5333,.4333,.4436,.5439,.5246,.4525,.4218,.4834,.4455,.5234,.4753,.5250,.4931,.4766,.5623,.4578,.4905,.5618,.5289,.4909,.4886,.4753,.4918,.5374,.5742,.4690,.4918,.4782,.5212,.4948,.4612,.4468,.5029,.5108,.5018,.5624,.4642,.4697,.5411,.4742,.5212,.4544,.5497,.5283,.5309,.4218,.4602,.5033,.4528,.3830,.5953,.5556,.4526,.4504,.4850,.5637,.4495,.5251,.5033,.5135,.4335,.5422,.5006,.5593,.4733,.4728,.4420,.5259,.4402,.4446,.5000,.3747,.4269,.4766,.4782,.4719,.5176,.5403,.4738,.5296,.5302,.4984,.4688,.4844,.4846,.4106,.4042,.4530,.4779,.4670,.5421,.4501,.4849,.4883,.5036,.4538,.4222,.4145
Spectre,.4673,.6377,.5948,.5981,.6138,.6119,.6601,.5741,.5164,.5933,.5615,.5897,.6085,.5416,.5499,.5932,.5992,.5888,.5116,.5443,.5193,.5931,.5555,.6078,.5650,.5654,.6266,.5586,.5641,.6200,.6123,.5710,.5973,.5652,.5543,.6239,.6361,.5424,.5499,.5697,.6043,.5765,.5260,.5266,.5497,.6114,.6061,.6441,.5555,.5420,.6369,.5472,.5909,.5704,.6417,.6165,.6525,.4703,.5506,.6146,.5483,.4307,.6713,.6330,.5726,.5687,.5443,.6617,.5655,.5822,.6043,.5844,.5305,.6350,.5993,.6329,.5587,.5530,.5335,.6244,.5260,.5472,.6253,.5000,.5186,.5759,.5477,.5578,.5981,.5960,.5707,.6079,.6422,.5903,.5220,.5648,.5822,.4159,.4715,.5535,.5492,.5436,.6097,.5056,.5744,.6024,.5881,.5229,.4882,.5058
Spirit_Breaker,.4461,.6398,.5637,.6071,.5680,.5922,.6281,.5435,.4968,.5688,.5420,.5567,.6037,.5100,.4918,.6076,.5997,.5236,.4793,.5169,.5006,.5705,.5261,.5899,.5300,.5394,.5879,.5039,.5256,.5962,.5922,.4990,.5526,.5343,.5390,.5907,.6306,.5052,.5409,.5578,.5603,.5614,.5064,.4965,.5604,.5728,.5537,.6276,.5231,.5439,.5869,.5020,.5404,.5302,.6133,.5755,.6280,.4540,.5359,.5796,.5208,.4135,.6394,.6047,.5379,.5107,.5397,.6148,.5329,.5613,.5822,.5321,.4969,.6028,.5505,.6229,.5322,.5046,.5059,.6020,.4834,.5385,.5731,.4814,.5000,.5623,.5054,.5239,.5552,.5774,.5155,.5916,.6156,.5436,.5015,.5335,.5432,.4461,.4521,.5006,.5064,.5121,.5810,.4812,.5483,.5580,.5400,.4954,.4671,.4763
Storm_Spirit,.3883,.5812,.5127,.5010,.5125,.5228,.5821,.4825,.4575,.5166,.4921,.5093,.5627,.4411,.4488,.5335,.5141,.4980,.4358,.4709,.4406,.4930,.4606,.5379,.4583,.4664,.5179,.4517,.4777,.5750,.5329,.4725,.5008,.4765,.4717,.5290,.5635,.4610,.4915,.4849,.5132,.4903,.4469,.4482,.5058,.5126,.4924,.5715,.4549,.4737,.5308,.4530,.5291,.4720,.5563,.5462,.5757,.4139,.4563,.5086,.4618,.3590,.5771,.5332,.4789,.4772,.4861,.5675,.4861,.4753,.5091,.4838,.4160,.5415,.4979,.5659,.4668,.4482,.4208,.5169,.4294,.4958,.5234,.4241,.4377,.5000,.4490,.4712,.5021,.5354,.4611,.5446,.5667,.4878,.4548,.4732,.4885,.3868,.3982,.4472,.4650,.4635,.5205,.4361,.4980,.4988,.4852,.4495,.4175,.4297
Sven,.4311,.6256,.5360,.5920,.5608,.5760,.6105,.5357,.4894,.5442,.5289,.5451,.5892,.5001,.5409,.6033,.5684,.5107,.4689,.5241,.5026,.5424,.5096,.5736,.5189,.4957,.6101,.4954,.5272,.6067,.5703,.5022,.5336,.5222,.5634,.5756,.6300,.4976,.5297,.5241,.5564,.5559,.4901,.4802,.5552,.5455,.5357,.6215,.5119,.5455,.5731,.4744,.6314,.5037,.5995,.5866,.5868,.4550,.5201,.5689,.5106,.4094,.6237,.5803,.5264,.5374,.5170,.6099,.5238,.5411,.5619,.5268,.4883,.5761,.5298,.6043,.5163,.4994,.4637,.5737,.4918,.5037,.5218,.4523,.4946,.5510,.5000,.4996,.5349,.5785,.5163,.5688,.5843,.5389,.5084,.5145,.5494,.4447,.4415,.4897,.5039,.4991,.5683,.4850,.5289,.5214,.5228,.4844,.4520,.4658
Techies,.4300,.6116,.5312,.5635,.5495,.5548,.6046,.5145,.5015,.5573,.5375,.5414,.5798,.4788,.4892,.5624,.5680,.5281,.4660,.5306,.4855,.5469,.5036,.5523,.4928,.4986,.5971,.4997,.5306,.6122,.5703,.4994,.5269,.5336,.5228,.5758,.6098,.5056,.5339,.5115,.5671,.5318,.4974,.4863,.5351,.5453,.5246,.5955,.5081,.5221,.5755,.4776,.5832,.5085,.5915,.5546,.5715,.4549,.5019,.5594,.4907,.4248,.6201,.5905,.5219,.5008,.5206,.6006,.4932,.5500,.5668,.5460,.4838,.5633,.5413,.5869,.5339,.4927,.4818,.5589,.4778,.5233,.5281,.4422,.4761,.5288,.5004,.5000,.5119,.5610,.5166,.5713,.5892,.5373,.5020,.5253,.5415,.4711,.4409,.4835,.5005,.5098,.5501,.4750,.5608,.5282,.5244,.4922,.4274,.4563
Templar_Assassin,.3896,.5814,.4961,.5487,.4829,.5182,.5351,.4670,.4272,.4784,.4584,.4837,.5208,.4483,.4319,.5442,.5201,.4898,.3951,.4195,.4330,.4947,.4552,.5198,.4465,.4596,.5443,.4553,.4784,.5267,.5206,.4497,.5031,.4562,.5094,.5432,.5753,.4229,.4961,.4802,.5121,.5043,.4348,.4354,.5305,.5210,.4986,.5459,.4566,.4855,.5296,.4475,.5000,.4723,.5590,.4915,.5555,.4303,.4673,.5216,.4538,.3718,.6022,.5469,.4714,.4168,.4525,.5696,.4495,.4996,.5300,.4818,.4248,.5480,.4671,.5439,.4986,.4355,.4598,.5378,.4121,.4463,.4824,.4019,.4448,.4979,.4651,.4881,.5000,.5049,.4694,.5294,.5500,.4967,.4557,.4592,.5036,.3985,.4023,.4500,.4115,.4450,.5186,.4127,.4829,.4870,.4769,.4384,.4252,.4284
Terrorblade,.3689,.5575,.4677,.5118,.4492,.4943,.5445,.4658,.4190,.4807,.4569,.4594,.4988,.4025,.4198,.5256,.5134,.4649,.3778,.4312,.4251,.4635,.4381,.5019,.4451,.4331,.5509,.4036,.4565,.5253,.5101,.4374,.4737,.4302,.4721,.5041,.5524,.4196,.4722,.4471,.4778,.4463,.4047,.4075,.4870,.4563,.4582,.5340,.4316,.4716,.4964,.4314,.4913,.4451,.5189,.4879,.5111,.3970,.4441,.4862,.4208,.3636,.5494,.5026,.4517,.3995,.4486,.5189,.4491,.4766,.4813,.4612,.4136,.5121,.4367,.5254,.4388,.4253,.4087,.4986,.4177,.4301,.4597,.4040,.4226,.4646,.4215,.4390,.4951,.5000,.4296,.4682,.5086,.4615,.4508,.4392,.4628,.3792,.3735,.4248,.4459,.4490,.5153,.3995,.4539,.4551,.4673,.4140,.4118,.3726
Tidehunter,.4236,.6068,.5140,.5533,.5470,.5714,.6076,.5357,.4600,.5479,.5308,.5111,.5925,.4867,.5159,.5813,.5557,.4950,.4667,.4925,.4846,.5144,.4895,.5506,.5175,.4955,.5875,.4850,.4992,.5788,.5784,.5003,.5443,.4880,.5212,.5684,.6034,.4908,.5114,.5179,.5367,.5401,.4595,.4632,.5457,.5456,.5436,.6069,.4845,.5199,.5683,.4937,.5715,.5082,.5959,.5691,.5784,.4323,.5215,.5587,.5082,.4021,.6116,.5691,.5364,.5165,.5048,.5978,.5125,.5061,.5457,.5102,.4776,.5681,.5287,.5986,.4807,.4937,.4722,.5713,.5074,.4958,.5262,.4293,.4845,.5389,.4837,.4834,.5306,.5704,.5000,.5443,.5760,.5306,.5079,.5319,.5285,.4086,.4208,.4970,.4810,.4891,.5559,.4619,.5321,.5363,.5283,.4732,.4670,.4382
Timbersaw,.3781,.5497,.4601,.5073,.5168,.4996,.5469,.4776,.4043,.4694,.4803,.4843,.5398,.4377,.4601,.5310,.4886,.4620,.3980,.4670,.4303,.4516,.4347,.4894,.4568,.4316,.5360,.4265,.4696,.5174,.5125,.4474,.4724,.4328,.4681,.5104,.5533,.4370,.4383,.4487,.4962,.4751,.4077,.4215,.4538,.4672,.4689,.5626,.4237,.4878,.5147,.4294,.5657,.4392,.5391,.5432,.5333,.3647,.4429,.4836,.4258,.3664,.5827,.5213,.4778,.4921,.4597,.5368,.4504,.4491,.4743,.4719,.4192,.5136,.4838,.5485,.4408,.4412,.3903,.4839,.4077,.4567,.4704,.3921,.4084,.4554,.4312,.4287,.4706,.5318,.4557,.5000,.5193,.4762,.4608,.4722,.4731,.3865,.3658,.4240,.4343,.4459,.5157,.4128,.4473,.4590,.4959,.4113,.3902,.3670
Tinker,.3597,.5205,.4542,.4566,.4595,.4671,.5167,.4349,.4082,.4669,.4396,.4479,.4973,.3966,.3986,.4976,.4838,.4178,.3813,.4351,.4122,.4610,.4270,.4624,.4245,.4372,.5114,.4090,.4436,.5022,.4954,.4241,.4498,.4375,.4233,.4883,.5243,.4231,.4273,.4350,.4734,.4397,.3973,.4111,.4328,.4572,.4504,.5193,.4228,.4392,.4860,.4109,.4664,.4252,.5057,.4692,.5088,.3763,.4134,.4514,.4007,.3431,.5352,.5081,.4485,.3969,.4397,.5129,.4037,.4453,.4681,.4520,.3940,.4852,.4435,.4965,.4431,.4115,.3968,.4790,.4049,.4019,.4698,.3578,.3844,.4333,.4157,.4108,.4500,.4914,.4240,.4807,.5000,.4432,.4126,.4523,.4307,.3594,.3590,.4096,.4242,.4174,.4850,.3856,.4443,.4533,.4505,.4038,.3599,.3644
Tiny,.4090,.5835,.4976,.5571,.5242,.5346,.5708,.4991,.4606,.5257,.4878,.4825,.5668,.4523,.4832,.5599,.5370,.4792,.4257,.4800,.4518,.5029,.4655,.5348,.4715,.4757,.5705,.4558,.4918,.5525,.5298,.4671,.5296,.4704,.4848,.5380,.5901,.4537,.4844,.4919,.5194,.5155,.4383,.4412,.4834,.5106,.5028,.5881,.4661,.5048,.5354,.4515,.5608,.4773,.5686,.5527,.5622,.3955,.4862,.5346,.4581,.3760,.5928,.5451,.5072,.5065,.4725,.5790,.4878,.5053,.5211,.4926,.4727,.5455,.4995,.5655,.4728,.4640,.4395,.5313,.4508,.4919,.5016,.4097,.4564,.5122,.4611,.4627,.5033,.5385,.4694,.5238,.5568,.5000,.4624,.5047,.5107,.3800,.4238,.4542,.4552,.4483,.5223,.4305,.4960,.4930,.4955,.4370,.4179,.4084
Treant_Protecter,.4333,.6077,.5163,.5603,.5378,.5503,.5850,.5209,.4667,.5367,.5174,.5272,.5611,.4906,.4896,.5723,.5615,.5195,.4572,.4805,.4693,.5179,.4875,.5551,.5150,.4905,.5879,.4840,.5204,.5701,.5676,.4860,.5424,.4903,.5191,.5661,.6112,.4726,.5150,.5114,.5410,.5347,.4653,.4716,.5451,.5286,.5310,.6106,.4892,.5178,.5564,.5009,.5469,.5120,.5875,.5459,.5850,.4446,.5127,.5548,.4965,.4102,.5897,.5521,.5291,.4697,.5021,.5954,.5070,.5276,.5576,.5123,.4725,.5595,.5166,.5817,.5008,.4851,.4658,.5612,.4636,.4872,.5312,.4780,.4985,.5452,.4916,.4980,.5443,.5492,.4921,.5392,.5874,.5376,.5000,.5223,.5277,.4127,.4161,.4844,.4983,.4971,.5537,.4469,.5267,.5273,.5167,.4715,.4690,.4544
Troll_Warlord,.4054,.6131,.5001,.5803,.5053,.5333,.5827,.5019,.4711,.5239,.4960,.4956,.5575,.4479,.4744,.5686,.5553,.4912,.4134,.4882,.4591,.5099,.4727,.5459,.4866,.4895,.5902,.4571,.5023,.5809,.5503,.4760,.5256,.4756,.5546,.5513,.5944,.4562,.5176,.4918,.5334,.5380,.4397,.4372,.5509,.5037,.4985,.5943,.4729,.5311,.5410,.4783,.5513,.4721,.5761,.5530,.5648,.4222,.4901,.5313,.4539,.3807,.6126,.5520,.5103,.4785,.5190,.5795,.4908,.5184,.5228,.5050,.4783,.5507,.4901,.5660,.4875,.4670,.4531,.5355,.4500,.4750,.5156,.4352,.4665,.5268,.4855,.4747,.5408,.5608,.4681,.5278,.5477,.4953,.4777,.5000,.5095,.4009,.4280,.4625,.4665,.4799,.5489,.4382,.5068,.4887,.4922,.4503,.4378,.4248
Tusk,.4014,.5930,.5090,.5385,.5103,.5445,.5791,.4891,.4560,.5204,.4980,.4985,.5541,.4443,.4487,.5588,.5355,.4847,.4354,.4757,.4588,.5075,.4745,.5331,.4704,.4903,.5672,.4548,.4809,.5602,.5494,.4734,.5089,.4812,.4892,.5556,.5742,.4650,.4885,.5027,.5198,.5007,.4521,.4460,.5083,.5213,.5067,.5840,.4676,.4892,.5331,.4662,.5294,.4828,.5629,.5376,.5665,.4194,.4853,.5276,.4664,.3765,.6126,.5594,.5002,.4554,.4774,.5684,.4841,.5135,.5258,.4967,.4351,.5475,.4907,.5764,.4808,.4584,.4456,.5460,.4361,.4902,.5154,.4178,.4568,.5115,.4506,.4585,.4964,.5372,.4715,.5269,.5693,.4893,.4723,.4905,.5000,.4047,.3913,.4576,.4630,.4760,.5350,.4371,.4947,.5117,.4955,.4611,.4166,.4202
Undying,.5296,.6733,.5732,.6061,.6329,.6336,.6778,.6040,.5190,.5861,.6063,.6194,.6272,.5840,.5827,.6507,.5975,.5977,.5524,.5530,.5778,.5955,.5781,.6318,.6052,.5540,.6263,.5587,.5626,.6154,.6438,.5716,.6025,.5384,.6120,.6330,.6798,.5778,.5964,.5848,.6082,.6024,.5623,.5609,.6138,.6060,.6306,.6697,.5619,.5628,.6349,.5386,.6390,.5721,.6639,.6326,.6347,.5324,.5858,.6217,.5938,.5091,.6824,.6493,.6034,.5782,.5765,.6738,.6003,.5775,.6109,.6084,.5273,.6457,.6017,.6751,.5651,.5644,.5447,.6345,.5594,.5878,.5894,.5841,.5539,.6132,.5553,.5289,.6015,.6208,.5914,.6135,.6406,.6200,.5873,.5991,.5953,.5000,.5215,.5658,.5654,.5886,.6389,.5461,.5730,.5960,.6185,.5560,.5641,.5271
Ursa,.4931,.6934,.5947,.6467,.6041,.6196,.6592,.5910,.5474,.6096,.5757,.5863,.6152,.5417,.5396,.6595,.6403,.5941,.5101,.5676,.5525,.5924,.5722,.6284,.5715,.5639,.6702,.5471,.5845,.6677,.6475,.5663,.6103,.5689,.6275,.6352,.6839,.5517,.6117,.5896,.6198,.6171,.5389,.5340,.6332,.5954,.5841,.6709,.5674,.5897,.6324,.5664,.6311,.5695,.6645,.6159,.6473,.5271,.5656,.6204,.5513,.4727,.6690,.6357,.5854,.5284,.6038,.6704,.5955,.6064,.6200,.5866,.5460,.6476,.5823,.6405,.5913,.5518,.5448,.6261,.5171,.5685,.5958,.5285,.5479,.6018,.5585,.5591,.5977,.6265,.5792,.6342,.6410,.5762,.5839,.5720,.6087,.4785,.5000,.5459,.5458,.5676,.6225,.5348,.5833,.5756,.5886,.5499,.5177,.5270
Vengeful_Spirit,.4346,.6407,.5415,.5914,.5564,.5803,.6229,.5440,.4974,.5597,.5352,.5432,.5919,.4925,.4929,.5931,.5895,.5232,.4738,.5132,.4996,.5582,.5112,.5788,.5278,.5165,.5962,.4903,.5283,.5963,.5897,.5096,.5592,.5056,.5594,.5852,.6207,.5031,.5443,.5310,.5545,.5608,.4834,.4893,.5640,.5556,.5495,.6172,.5093,.5443,.5640,.5035,.5727,.5186,.6044,.5647,.5988,.4650,.5312,.5696,.5099,.4327,.6325,.5872,.5377,.4835,.5204,.6104,.5318,.5508,.5570,.5432,.5077,.5874,.5295,.6044,.5198,.5121,.4892,.5823,.4995,.5145,.5470,.4465,.4994,.5528,.5103,.5165,.5500,.5752,.5030,.5760,.5904,.5458,.5156,.5375,.5424,.4342,.4541,.5000,.5081,.5193,.5765,.4831,.5472,.5407,.5313,.4974,.4729,.4651
Venomancer,.4265,.6078,.5258,.5526,.5769,.5551,.6104,.5320,.4852,.5544,.5160,.5517,.5654,.4927,.4939,.5837,.5570,.5175,.4635,.5075,.4979,.5403,.5073,.5697,.5197,.5018,.6090,.4954,.5167,.5945,.5724,.5021,.5333,.5081,.4930,.5786,.6176,.5007,.5149,.5247,.5548,.5225,.4829,.4880,.5438,.5467,.5454,.6156,.4989,.5083,.5707,.4959,.5696,.5171,.5986,.5682,.5649,.4491,.5211,.5638,.5029,.4239,.6046,.5774,.5183,.5010,.5119,.6132,.5061,.5297,.5558,.5375,.4840,.5735,.5394,.6034,.5134,.4980,.4721,.5655,.4970,.4989,.5221,.4508,.4936,.5350,.4961,.4995,.5885,.5541,.5190,.5657,.5758,.5448,.5017,.5335,.5370,.4346,.4542,.4919,.5000,.4968,.5625,.4586,.5332,.5284,.5336,.4755,.4559,.4361
Viper,.4292,.6218,.5190,.5547,.5442,.5587,.6199,.5218,.4698,.5340,.5050,.5399,.5593,.4903,.4605,.5737,.5612,.5206,.4430,.4884,.4790,.5441,.5042,.5671,.5268,.4872,.6002,.4872,.5169,.5897,.5587,.4927,.5348,.5032,.5233,.5656,.6219,.4996,.5190,.5122,.5340,.5271,.4837,.4780,.5294,.5383,.5401,.6020,.5003,.5035,.5671,.4900,.5362,.5006,.5890,.5479,.5688,.4392,.5087,.5610,.4988,.4058,.6179,.5716,.5031,.4594,.5127,.6042,.4990,.5320,.5469,.5402,.4758,.5789,.5232,.5885,.4952,.4834,.4773,.5733,.4667,.4977,.5330,.4564,.4879,.5365,.5009,.4902,.5550,.5510,.5109,.5541,.5826,.5517,.5029,.5201,.5240,.4114,.4324,.4807,.5032,.5000,.5691,.4667,.5206,.5163,.5267,.4657,.4521,.4715
Visage,.3751,.5463,.4738,.4932,.4515,.4861,.5213,.4498,.4198,.4720,.4588,.4560,.4931,.4230,.4180,.5044,.4880,.4720,.4113,.4346,.4277,.4643,.4439,.4897,.4507,.4249,.5379,.4290,.4690,.5046,.4970,.4420,.4753,.4188,.4488,.5191,.5435,.4358,.4698,.4498,.4830,.4574,.4311,.4149,.4716,.4735,.4828,.5281,.4388,.4519,.5041,.4225,.4914,.4512,.5184,.4715,.5080,.4044,.4371,.5017,.4273,.3735,.5313,.4974,.4508,.3972,.4527,.5319,.4557,.4752,.4838,.4555,.4135,.5158,.4640,.5203,.4548,.4328,.4118,.4974,.4201,.4375,.4579,.3903,.4190,.4795,.4317,.4499,.4814,.4847,.4441,.4843,.5150,.4777,.4463,.4511,.4650,.3611,.3775,.4235,.4375,.4309,.5000,.4022,.4579,.4548,.4727,.4236,.4074,.3984
Warlock,.4800,.6403,.5519,.5923,.5958,.6001,.6249,.5629,.5078,.5556,.5540,.5561,.5851,.5347,.5524,.6158,.5790,.5592,.5026,.5472,.5390,.5608,.5395,.6059,.5519,.5091,.6333,.5193,.5635,.6059,.5881,.5575,.5641,.5354,.5738,.6054,.6392,.5191,.5433,.5536,.5748,.5685,.5068,.4996,.5789,.5760,.5714,.6557,.5385,.5404,.5939,.5301,.6223,.5363,.6339,.6004,.5958,.4999,.5418,.5930,.5496,.4626,.6394,.6140,.5573,.5228,.5448,.6349,.5525,.5686,.5804,.5498,.5003,.6017,.5575,.6340,.5415,.5378,.5043,.6008,.5205,.5285,.5499,.4944,.5188,.5639,.5150,.5250,.5873,.6005,.5381,.5872,.6144,.5695,.5531,.5618,.5629,.4539,.4652,.5169,.5414,.5333,.5978,.5000,.5518,.5559,.5777,.5237,.4982,.4905
Weaver,.4119,.5884,.5085,.5364,.5006,.5282,.5925,.4996,.4189,.4931,.5039,.4910,.5366,.4496,.4680,.5587,.5250,.4766,.4264,.4758,.4553,.5030,.4622,.5286,.4717,.4641,.5675,.4430,.4851,.5682,.5468,.4798,.4769,.4776,.5097,.5517,.5917,.4745,.5055,.4912,.5271,.4942,.4519,.4586,.5364,.5157,.5031,.5817,.4608,.4998,.5308,.4680,.5411,.4619,.5647,.5258,.5520,.4094,.4701,.5106,.4696,.3970,.5945,.5448,.4998,.4744,.4966,.5620,.5023,.5141,.5190,.5026,.4298,.5434,.4936,.5898,.4702,.4620,.4400,.5311,.4294,.4705,.5151,.4256,.4517,.5020,.4711,.4392,.5171,.5461,.4679,.5527,.5557,.5040,.4733,.4932,.5053,.4270,.4167,.4528,.4668,.4794,.5421,.4482,.5000,.5013,.5009,.4660,.4298,.3953
Windranger,.4053,.5919,.5063,.5429,.5099,.5310,.5867,.4956,.4435,.5077,.4996,.5072,.5569,.4438,.4555,.5540,.5359,.4699,.4348,.4836,.4591,.5163,.4746,.5345,.4847,.4770,.5390,.4528,.4884,.5524,.5673,.4731,.5129,.4709,.5315,.5455,.5892,.4783,.4935,.4870,.5191,.5144,.4503,.4571,.5318,.5156,.5056,.5782,.4639,.4983,.5334,.4594,.5454,.4715,.5583,.5338,.5598,.4197,.4799,.5165,.4625,.3964,.6050,.5564,.4922,.4607,.4878,.5667,.4799,.5000,.5150,.5014,.4501,.5487,.4995,.5663,.4786,.4750,.4453,.5373,.4553,.4779,.5117,.3976,.4420,.5012,.4786,.4718,.5130,.5449,.4637,.5410,.5467,.5070,.4727,.5113,.4883,.4040,.4244,.4593,.4716,.4837,.5452,.4441,.4987,.5000,.5003,.4653,.4257,.4176
Winter_Wyvern,.4056,.5825,.4824,.5207,.5129,.5236,.5636,.5067,.4536,.5171,.4889,.5046,.5489,.4579,.4768,.5486,.5283,.4834,.4392,.4638,.4547,.4961,.4712,.5325,.4873,.4782,.5569,.4628,.4833,.5520,.5234,.4784,.5102,.4646,.4901,.5523,.5755,.4614,.4938,.4863,.5156,.5279,.4378,.4414,.5311,.5100,.5151,.5790,.4634,.4909,.5306,.4547,.5643,.4837,.5549,.5246,.5492,.4200,.4851,.5235,.4762,.3922,.5671,.5289,.4920,.4646,.4764,.5663,.4824,.4899,.5186,.4828,.4568,.5475,.4876,.5685,.4850,.4725,.4378,.5331,.4600,.4790,.4964,.4119,.4600,.5148,.4772,.4756,.5231,.5327,.4717,.5041,.5495,.5045,.4833,.5078,.5045,.3815,.4114,.4687,.4664,.4733,.5273,.4223,.4991,.4997,.5000,.4569,.4427,.4178
Witch_Doctor,.4439,.6383,.5371,.5883,.5783,.5857,.6262,.5469,.4941,.5471,.5343,.5536,.5705,.5229,.5181,.5915,.5683,.5352,.4937,.5285,.5088,.5530,.5142,.5870,.5385,.5080,.6021,.5031,.5266,.6013,.5999,.5326,.5451,.5233,.5698,.5810,.6360,.5173,.5348,.5337,.5607,.5608,.5025,.4905,.5673,.5629,.5528,.6242,.5156,.5333,.5830,.5095,.5873,.5104,.6077,.5745,.5841,.4839,.5321,.5660,.5246,.4238,.6376,.6003,.5260,.4997,.5285,.6096,.5309,.5533,.5710,.5511,.4766,.5905,.5441,.6104,.5283,.5202,.4737,.5797,.5027,.5071,.5462,.4771,.5046,.5505,.5156,.5078,.5616,.5860,.5268,.5887,.5962,.5630,.5285,.5497,.5389,.4440,.4501,.5026,.5245,.5343,.5764,.4763,.5340,.5347,.5431,.5000,.4834,.4714
Wraith_King,.4624,.6538,.5703,.5694,.5918,.6030,.6397,.5559,.5480,.5870,.5473,.5649,.5887,.5318,.5163,.6191,.6193,.5590,.4969,.5252,.5053,.5826,.5430,.6248,.5565,.5518,.6417,.5346,.5563,.6410,.6151,.5458,.6015,.5540,.5892,.5754,.6497,.5123,.5811,.5320,.5961,.6004,.5128,.5291,.5845,.5857,.5682,.6386,.5446,.5480,.6093,.5258,.5867,.5523,.6326,.5820,.6281,.4936,.5571,.5862,.5394,.4344,.6376,.5996,.5740,.4649,.5526,.6551,.5780,.5688,.6057,.5656,.5260,.6027,.5686,.6296,.5508,.5310,.5020,.6236,.5166,.5358,.5778,.5118,.5329,.5825,.5480,.5726,.5748,.5882,.5330,.6098,.6401,.5821,.5310,.5622,.5834,.4359,.4823,.5271,.5441,.5479,.5926,.5018,.5702,.5743,.5573,.5166,.5000,.5239
Zeus,.4765,.6453,.5853,.5813,.6164,.6121,.6548,.5743,.5378,.5904,.5760,.5836,.6264,.5432,.5375,.6124,.6148,.5640,.5333,.5633,.5360,.5809,.5522,.6162,.5586,.5393,.6251,.5528,.5617,.6233,.6295,.5635,.5752,.5732,.5104,.6259,.6503,.5525,.5454,.5699,.5994,.5806,.5430,.5325,.5509,.6044,.5804,.6608,.5658,.5587,.6249,.5427,.5932,.5744,.6544,.6361,.6366,.4994,.5590,.6102,.5542,.4633,.6618,.6423,.5754,.5787,.5524,.6569,.5468,.5752,.6132,.5638,.5363,.6150,.6057,.6500,.5757,.5457,.5207,.6137,.5444,.5525,.5855,.4942,.5237,.5703,.5342,.5437,.5716,.6274,.5618,.6330,.6356,.5916,.5456,.5752,.5798,.4729,.4730,.5349,.5639,.5285,.6016,.5095,.6047,.5824,.5822,.5286,.4761,.5000